code,name,list_date,exchange,board,industry,risk_flag,years_listed,eligible
000001,平安银行,1991-04-03,SZ,主板,J 金融业,False,35.4,True
000002,万科Ａ,1991-01-29,SZ,主板,K 房地产,False,35.6,True
000006,深振业Ａ,1992-04-27,SZ,主板,K 房地产,False,34.4,True
000007,全新好,1992-04-13,SZ,主板,K 房地产,False,34.4,True
000008,神州高铁,1992-05-07,SZ,主板,C 制造业,False,34.3,True
000009,中国宝安,1991-06-25,SZ,主板,J 金融业,False,35.2,True
000010,*ST美丽,1995-10-27,SZ,主板,E 建筑业,True,30.9,True
000011,深物业A,1992-03-30,SZ,主板,K 房地产,False,34.4,True
000012,南玻Ａ,1992-02-28,SZ,主板,C 制造业,False,34.5,True
000014,沙河股份,1992-06-02,SZ,主板,K 房地产,False,34.3,True
000016,*ST康佳A,1992-03-27,SZ,主板,C 制造业,True,34.4,True
000017,深中华A,1992-03-31,SZ,主板,C 制造业,False,34.4,True
000019,深粮控股,1992-10-12,SZ,主板,F 批发零售,False,33.9,True
000020,深华发Ａ,1992-04-28,SZ,主板,C 制造业,False,34.4,True
000021,深科技,1994-02-02,SZ,主板,C 制造业,False,32.6,True
000025,特力Ａ,1993-06-21,SZ,主板,F 批发零售,False,33.2,True
000026,飞亚达,1993-06-03,SZ,主板,F 批发零售,False,33.3,True
000027,深圳能源,1993-09-03,SZ,主板,D 水电煤气,False,33.0,True
000028,国药一致,1993-08-09,SZ,主板,F 批发零售,False,33.1,True
000029,深深房Ａ,1993-09-15,SZ,主板,K 房地产,False,33.0,True
000030,富奥股份,1993-09-29,SZ,主板,C 制造业,False,32.9,True
000031,大悦城,1993-10-08,SZ,主板,K 房地产,False,32.9,True
000032,深桑达Ａ,1993-10-28,SZ,主板,E 建筑业,False,32.9,True
000034,神州数码,1994-05-09,SZ,主板,F 批发零售,False,32.3,True
000035,中国天楹,1994-04-08,SZ,主板,N 公共环保,False,32.4,True
000036,华联控股,1994-06-17,SZ,主板,K 房地产,False,32.2,True
000037,深南电A,1994-07-01,SZ,主板,D 水电煤气,False,32.2,True
000039,中集集团,1994-04-08,SZ,主板,C 制造业,False,32.4,True
000042,中洲控股,1994-09-21,SZ,主板,K 房地产,False,32.0,True
000045,深纺织Ａ,1994-08-15,SZ,主板,C 制造业,False,32.1,True
000048,京基智农,1994-11-01,SZ,主板,A 农林牧渔,False,31.8,True
000049,德赛电池,1995-03-20,SZ,主板,C 制造业,False,31.5,True
000050,深天马Ａ,1995-03-15,SZ,主板,C 制造业,False,31.5,True
000055,方大集团,1996-04-15,SZ,主板,C 制造业,False,30.4,True
000056,*ST皇庭,1996-07-08,SZ,主板,L 商务服务,True,30.2,True
000058,深赛格,1996-12-26,SZ,主板,L 商务服务,False,29.7,True
000059,华锦股份,1997-01-30,SZ,主板,C 制造业,False,29.6,True
000060,中金岭南,1997-01-23,SZ,主板,C 制造业,False,29.6,True
000061,农产品,1997-01-10,SZ,主板,L 商务服务,False,29.7,True
000062,深圳华强,1997-01-30,SZ,主板,F 批发零售,False,29.6,True
000063,中兴通讯,1997-11-18,SZ,主板,C 制造业,False,28.8,True
000065,北方国际,1998-06-05,SZ,主板,F 批发零售,False,28.3,True
000066,中国长城,1997-06-26,SZ,主板,C 制造业,False,29.2,True
000068,华控赛格,1997-06-11,SZ,主板,F 批发零售,False,29.2,True
000069,华侨城Ａ,1997-09-10,SZ,主板,K 房地产,False,29.0,True
000070,特发信息,2000-05-11,SZ,主板,C 制造业,False,26.3,True
000078,ST海王,1998-12-18,SZ,主板,F 批发零售,True,27.7,True
000088,盐田港,1997-07-28,SZ,主板,G 运输仓储,False,29.1,True
000089,深圳机场,1998-04-20,SZ,主板,G 运输仓储,False,28.4,True
000090,天健集团,1999-07-21,SZ,主板,E 建筑业,False,27.1,True
000096,广聚能源,2000-07-24,SZ,主板,F 批发零售,False,26.1,True
000099,中信海直,2000-07-31,SZ,主板,G 运输仓储,False,26.1,True
000100,TCL科技,2004-01-30,SZ,主板,C 制造业,False,22.6,True
000151,中成股份,2000-09-06,SZ,主板,F 批发零售,False,26.0,True
000153,丰原药业,2000-09-20,SZ,主板,C 制造业,False,26.0,True
000155,川能动力,2000-09-26,SZ,主板,D 水电煤气,False,25.9,True
000156,华数传媒,2000-09-06,SZ,主板,I 信息技术,False,26.0,True
000157,中联重科,2000-10-12,SZ,主板,C 制造业,False,25.9,True
000158,常山北明,2000-07-24,SZ,主板,I 信息技术,False,26.1,True
000159,国际实业,2000-09-26,SZ,主板,F 批发零售,False,25.9,True
000166,申万宏源,2015-01-26,SZ,主板,J 金融业,False,11.6,True
000301,东方盛虹,2000-05-29,SZ,主板,C 制造业,False,26.3,True
000333,美的集团,2013-09-18,SZ,主板,C 制造业,False,13.0,True
000338,潍柴动力,2007-04-30,SZ,主板,C 制造业,False,19.4,True
000400,许继电气,1997-04-18,SZ,主板,C 制造业,False,29.4,True
000401,金隅冀东,1996-06-14,SZ,主板,C 制造业,False,30.2,True
000402,金融街,1996-06-26,SZ,主板,K 房地产,False,30.2,True
000403,派林生物,1996-06-28,SZ,主板,C 制造业,False,30.2,True
000404,长虹华意,1996-06-19,SZ,主板,C 制造业,False,30.2,True
000407,胜利股份,1996-07-03,SZ,主板,D 水电煤气,False,30.2,True
000408,藏格矿业,1996-06-28,SZ,主板,C 制造业,False,30.2,True
000409,云鼎科技,1996-06-27,SZ,主板,I 信息技术,False,30.2,True
000410,沈阳机床,1996-07-18,SZ,主板,C 制造业,False,30.1,True
000411,英特集团,1996-07-16,SZ,主板,F 批发零售,False,30.1,True
000415,渤海租赁,1996-07-16,SZ,主板,L 商务服务,False,30.1,True
000417,合百集团,1996-08-12,SZ,主板,F 批发零售,False,30.1,True
000419,通程控股,1996-08-16,SZ,主板,F 批发零售,False,30.1,True
000420,吉林化纤,1996-08-02,SZ,主板,C 制造业,False,30.1,True
000421,南京公用,1996-08-06,SZ,主板,D 水电煤气,False,30.1,True
000422,湖北宜化,1996-08-15,SZ,主板,C 制造业,False,30.1,True
000423,东阿阿胶,1996-07-29,SZ,主板,C 制造业,False,30.1,True
000425,徐工机械,1996-08-28,SZ,主板,C 制造业,False,30.0,True
000426,兴业银锡,1996-08-28,SZ,主板,B 采矿业,False,30.0,True
000428,华天酒店,1996-08-08,SZ,主板,H 住宿餐饮,False,30.1,True
000429,粤高速Ａ,1998-02-20,SZ,主板,G 运输仓储,False,28.5,True
000430,张家界,1996-08-29,SZ,主板,N 公共环保,False,30.0,True
000488,ST晨鸣,2000-11-20,SZ,主板,C 制造业,True,25.8,True
000498,山东路桥,1997-06-09,SZ,主板,E 建筑业,False,29.2,True
000501,武商集团,1992-11-20,SZ,主板,F 批发零售,False,33.8,True
000503,国新健康,1992-11-30,SZ,主板,I 信息技术,False,33.8,True
000504,南华生物,1992-12-08,SZ,主板,M 科研服务,False,33.7,True
000505,京粮控股,1992-12-21,SZ,主板,C 制造业,False,33.7,True
000506,招金黄金,1993-03-12,SZ,主板,B 采矿业,False,33.5,True
000507,珠海港,1993-03-26,SZ,主板,G 运输仓储,False,33.4,True
000509,华塑控股,1993-05-07,SZ,主板,C 制造业,False,33.3,True
000510,新金路,1993-05-07,SZ,主板,C 制造业,False,33.3,True
000513,丽珠集团,1993-10-28,SZ,主板,C 制造业,False,32.9,True
000514,渝开发,1993-07-12,SZ,主板,K 房地产,False,33.2,True
000516,国际医学,1993-08-09,SZ,主板,Q 卫生,False,33.1,True
000517,荣安地产,1993-08-06,SZ,主板,K 房地产,False,33.1,True
000518,四环生物,1993-09-08,SZ,主板,C 制造业,False,33.0,True
000519,中兵红箭,1993-10-08,SZ,主板,C 制造业,False,32.9,True
000520,凤凰航运,1993-10-25,SZ,主板,G 运输仓储,False,32.9,True
000521,长虹美菱,1993-10-18,SZ,主板,C 制造业,False,32.9,True
000523,红棉股份,1993-11-08,SZ,主板,C 制造业,False,32.8,True
000524,岭南控股,1993-11-18,SZ,主板,L 商务服务,False,32.8,True
000525,红太阳,1993-10-28,SZ,主板,C 制造业,False,32.9,True
000526,学大教育,1993-11-01,SZ,主板,P 教育,False,32.8,True
000528,柳工,1993-11-18,SZ,主板,C 制造业,False,32.8,True
000529,广弘控股,1993-11-18,SZ,主板,C 制造业,False,32.8,True
000530,冰山冷热,1993-12-08,SZ,主板,C 制造业,False,32.7,True
000531,穗恒运Ａ,1994-01-06,SZ,主板,D 水电煤气,False,32.7,True
000532,华金资本,1994-01-03,SZ,主板,S 综合,False,32.7,True
000533,顺钠股份,1994-01-03,SZ,主板,C 制造业,False,32.7,True
000534,万泽股份,1994-01-10,SZ,主板,C 制造业,False,32.7,True
000536,华映科技,1993-11-26,SZ,主板,C 制造业,False,32.8,True
000537,绿发电力,1993-12-10,SZ,主板,D 水电煤气,False,32.7,True
000538,云南白药,1993-12-15,SZ,主板,C 制造业,False,32.7,True
000539,粤电力Ａ,1993-11-26,SZ,主板,D 水电煤气,False,32.8,True
000541,佛山照明,1993-11-23,SZ,主板,C 制造业,False,32.8,True
000543,皖能电力,1993-12-20,SZ,主板,D 水电煤气,False,32.7,True
000544,中原环保,1993-12-08,SZ,主板,D 水电煤气,False,32.7,True
000545,金浦钛业,1993-12-15,SZ,主板,C 制造业,False,32.7,True
000546,金圆股份,1993-12-15,SZ,主板,C 制造业,False,32.7,True
000547,航天发展,1993-11-30,SZ,主板,C 制造业,False,32.8,True
000548,湖南投资,1993-12-20,SZ,主板,G 运输仓储,False,32.7,True
000550,江铃汽车,1993-12-01,SZ,主板,C 制造业,False,32.8,True
000551,创元科技,1994-01-06,SZ,主板,C 制造业,False,32.7,True
000552,甘肃能化,1994-01-06,SZ,主板,B 采矿业,False,32.7,True
000553,安道麦A,1993-12-03,SZ,主板,C 制造业,False,32.8,True
000554,泰山石油,1993-12-15,SZ,主板,F 批发零售,False,32.7,True
000555,神州信息,1994-04-08,SZ,主板,I 信息技术,False,32.4,True
000557,西部创业,1994-06-17,SZ,主板,G 运输仓储,False,32.2,True
000558,天府文旅,1994-05-09,SZ,主板,N 公共环保,False,32.3,True
000559,万向钱潮,1994-01-10,SZ,主板,C 制造业,False,32.7,True
000560,我爱我家,1994-02-02,SZ,主板,K 房地产,False,32.6,True
000561,烽火电子,1994-05-09,SZ,主板,C 制造业,False,32.3,True
000563,陕国投Ａ,1994-01-10,SZ,主板,J 金融业,False,32.7,True
000564,供销大集,1994-01-10,SZ,主板,F 批发零售,False,32.7,True
000565,渝三峡Ａ,1994-04-08,SZ,主板,C 制造业,False,32.4,True
000566,海南海药,1994-05-25,SZ,主板,C 制造业,False,32.3,True
000567,海德股份,1994-05-25,SZ,主板,J 金融业,False,32.3,True
000568,泸州老窖,1994-05-09,SZ,主板,C 制造业,False,32.3,True
000570,苏常柴Ａ,1994-07-01,SZ,主板,C 制造业,False,32.2,True
000571,新大洲A,1994-05-25,SZ,主板,B 采矿业,False,32.3,True
000572,海马汽车,1994-08-08,SZ,主板,C 制造业,False,32.1,True
000573,粤宏远Ａ,1994-08-15,SZ,主板,C 制造业,False,32.1,True
000576,甘化科工,1994-09-07,SZ,主板,C 制造业,False,32.0,True
000581,威孚高科,1998-09-24,SZ,主板,C 制造业,False,28.0,True
000582,北部湾港,1995-11-02,SZ,主板,G 运输仓储,False,30.8,True
000586,汇源通信,1995-12-20,SZ,主板,C 制造业,False,30.7,True
000589,贵州轮胎,1996-03-08,SZ,主板,C 制造业,False,30.5,True
000590,古汉医药,1996-01-19,SZ,主板,C 制造业,False,30.6,True
000591,太阳能,1996-02-08,SZ,主板,D 水电煤气,False,30.6,True
000592,平潭发展,1996-03-27,SZ,主板,C 制造业,False,30.4,True
000593,德龙汇能,1996-03-12,SZ,主板,D 水电煤气,False,30.5,True
000595,新能股份,1996-04-19,SZ,主板,C 制造业,False,30.4,True
000596,古井贡酒,1996-09-27,SZ,主板,C 制造业,False,29.9,True
000597,东北制药,1996-05-23,SZ,主板,C 制造业,False,30.3,True
000598,兴蓉环境,1996-05-29,SZ,主板,D 水电煤气,False,30.3,True
000599,青岛双星,1996-04-30,SZ,主板,C 制造业,False,30.4,True
000600,建投能源,1996-06-06,SZ,主板,D 水电煤气,False,30.3,True
000601,韶能股份,1996-08-30,SZ,主板,D 水电煤气,False,30.0,True
000603,盛达资源,1996-08-23,SZ,主板,B 采矿业,False,30.0,True
000605,渤海股份,1996-09-13,SZ,主板,D 水电煤气,False,30.0,True
000607,华媒控股,1996-08-30,SZ,主板,L 商务服务,False,30.0,True
000608,阳光股份,1996-09-19,SZ,主板,K 房地产,False,30.0,True
000609,*ST中迪,1996-10-10,SZ,主板,S 综合,True,29.9,True
000610,*ST西旅,1996-09-26,SZ,主板,L 商务服务,True,29.9,True
000612,焦作万方,1996-09-26,SZ,主板,C 制造业,False,29.9,True
000615,*ST美谷,1996-10-16,SZ,主板,Q 卫生,True,29.9,True
000617,中油资本,1996-10-22,SZ,主板,J 金融业,False,29.9,True
000619,海螺新材,1996-10-23,SZ,主板,C 制造业,False,29.9,True
000620,盈新发展,1996-10-29,SZ,主板,K 房地产,False,29.9,True
000623,吉林敖东,1996-10-28,SZ,主板,C 制造业,False,29.9,True
000625,长安汽车,1997-06-10,SZ,主板,C 制造业,False,29.2,True
000626,远大控股,1996-11-28,SZ,主板,F 批发零售,False,29.8,True
000628,高新发展,1996-11-18,SZ,主板,E 建筑业,False,29.8,True
000629,钒钛股份,1996-11-15,SZ,主板,C 制造业,False,29.8,True
000630,铜陵有色,1996-11-20,SZ,主板,C 制造业,False,29.8,True
000631,顺发恒能,1996-11-22,SZ,主板,K 房地产,False,29.8,True
000632,ST三木,1996-11-21,SZ,主板,F 批发零售,True,29.8,True
000633,合金投资,1996-11-12,SZ,主板,C 制造业,False,29.8,True
000635,英力特,1996-11-20,SZ,主板,C 制造业,False,29.8,True
000636,风华高科,1996-11-29,SZ,主板,C 制造业,False,29.8,True
000637,茂化实华,1996-11-14,SZ,主板,C 制造业,False,29.8,True
000639,ST西王,1996-11-26,SZ,主板,C 制造业,True,29.8,True
000650,仁和药业,1996-12-10,SZ,主板,C 制造业,False,29.7,True
000651,格力电器,1996-11-18,SZ,主板,C 制造业,False,29.8,True
000652,泰达股份,1996-11-28,SZ,主板,F 批发零售,False,29.8,True
000655,金岭矿业,1996-11-28,SZ,主板,B 采矿业,False,29.8,True
000656,金科股份,1996-11-28,SZ,主板,K 房地产,False,29.8,True
000657,中钨高新,1996-12-05,SZ,主板,C 制造业,False,29.8,True
000659,珠海中富,1996-12-03,SZ,主板,C 制造业,False,29.8,True
000661,长春高新,1996-12-18,SZ,主板,C 制造业,False,29.7,True
000663,永安林业,1996-12-06,SZ,主板,A 农林牧渔,False,29.7,True
000665,湖北广电,1996-12-10,SZ,主板,I 信息技术,False,29.7,True
000668,荣丰控股,1996-12-10,SZ,主板,K 房地产,False,29.7,True
000669,ST金鸿,1996-12-10,SZ,主板,D 水电煤气,True,29.7,True
000670,盈方微,1996-12-17,SZ,主板,F 批发零售,False,29.7,True
000672,上峰材料,1996-12-18,SZ,主板,C 制造业,False,29.7,True
000676,智度股份,1996-12-24,SZ,主板,L 商务服务,False,29.7,True
000677,ST海龙,1996-12-26,SZ,主板,C 制造业,True,29.7,True
000678,襄阳轴承,1997-01-06,SZ,主板,C 制造业,False,29.7,True
000679,大连友谊,1997-01-24,SZ,主板,F 批发零售,False,29.6,True
000680,山推股份,1997-01-22,SZ,主板,C 制造业,False,29.6,True
000681,视觉中国,1997-01-21,SZ,主板,I 信息技术,False,29.6,True
000682,东方电子,1997-01-21,SZ,主板,I 信息技术,False,29.6,True
000683,博源化工,1997-01-31,SZ,主板,C 制造业,False,29.6,True
000685,中山公用,1997-01-23,SZ,主板,D 水电煤气,False,29.6,True
000686,东北证券,1997-02-27,SZ,主板,J 金融业,False,29.5,True
000688,国城矿业,1997-01-20,SZ,主板,B 采矿业,False,29.6,True
000690,宝新能源,1997-01-28,SZ,主板,D 水电煤气,False,29.6,True
000691,亚太实业,1997-02-28,SZ,主板,C 制造业,False,29.5,True
000692,惠天热电,1997-02-27,SZ,主板,D 水电煤气,False,29.5,True
000695,滨海能源,1997-02-18,SZ,主板,C 制造业,False,29.5,True
000697,炼石航空,1997-03-25,SZ,主板,C 制造业,False,29.5,True
000698,ST沈化,1997-02-20,SZ,主板,C 制造业,True,29.5,True
000700,模塑科技,1997-02-28,SZ,主板,C 制造业,False,29.5,True
000701,厦门信达,1997-02-26,SZ,主板,F 批发零售,False,29.5,True
000702,正虹科技,1997-03-18,SZ,主板,C 制造业,False,29.5,True
000703,恒逸石化,1997-03-28,SZ,主板,C 制造业,False,29.4,True
000705,浙江震元,1997-04-10,SZ,主板,F 批发零售,False,29.4,True
000707,双环科技,1997-04-15,SZ,主板,C 制造业,False,29.4,True
000708,中信特钢,1997-03-26,SZ,主板,C 制造业,False,29.4,True
000709,河钢股份,1997-04-16,SZ,主板,C 制造业,False,29.4,True
000710,贝瑞基因,1997-04-22,SZ,主板,M 科研服务,False,29.4,True
000711,京蓝科技,1997-04-11,SZ,主板,C 制造业,False,29.4,True
000712,锦龙股份,1997-04-15,SZ,主板,J 金融业,False,29.4,True
000713,国投丰乐,1997-04-22,SZ,主板,A 农林牧渔,False,29.4,True
000715,中兴商业,1997-05-08,SZ,主板,F 批发零售,False,29.3,True
000716,黑芝麻,1997-04-18,SZ,主板,C 制造业,False,29.4,True
000717,中南股份,1997-05-08,SZ,主板,C 制造业,False,29.3,True
000718,苏宁环球,1997-04-08,SZ,主板,K 房地产,False,29.4,True
000719,中原传媒,1997-03-31,SZ,主板,R 文化传播,False,29.4,True
000720,新能泰山,1997-05-09,SZ,主板,C 制造业,False,29.3,True
000721,西安饮食,1997-04-30,SZ,主板,H 住宿餐饮,False,29.4,True
000722,湖南发展,1997-05-22,SZ,主板,D 水电煤气,False,29.3,True
000723,美锦能源,1997-05-15,SZ,主板,C 制造业,False,29.3,True
000725,京东方Ａ,2001-01-12,SZ,主板,C 制造业,False,25.6,True
000726,鲁泰Ａ,2000-12-25,SZ,主板,C 制造业,False,25.7,True
000727,冠捷科技,1997-05-20,SZ,主板,C 制造业,False,29.3,True
000728,国元证券,1997-06-16,SZ,主板,J 金融业,False,29.2,True
000729,燕京啤酒,1997-07-16,SZ,主板,C 制造业,False,29.1,True
000731,四川美丰,1997-06-17,SZ,主板,C 制造业,False,29.2,True
000733,振华科技,1997-07-03,SZ,主板,C 制造业,False,29.2,True
000735,罗牛山,1997-06-11,SZ,主板,A 农林牧渔,False,29.2,True
000736,中交发展,1997-04-25,SZ,主板,K 房地产,False,29.4,True
000737,北方铜业,1997-04-28,SZ,主板,C 制造业,False,29.4,True
000738,航发控制,1997-06-26,SZ,主板,C 制造业,False,29.2,True
000739,普洛药业,1997-05-09,SZ,主板,C 制造业,False,29.3,True
000750,国海证券,1997-07-09,SZ,主板,J 金融业,False,29.2,True
000751,锌业股份,1997-06-26,SZ,主板,C 制造业,False,29.2,True
000752,*ST西发,1997-06-25,SZ,主板,C 制造业,True,29.2,True
000753,漳州发展,1997-06-26,SZ,主板,F 批发零售,False,29.2,True
000755,山西高速,1997-06-27,SZ,主板,G 运输仓储,False,29.2,True
000756,新华制药,1997-08-06,SZ,主板,C 制造业,False,29.1,True
000757,浩物股份,1997-06-27,SZ,主板,F 批发零售,False,29.2,True
000758,中色股份,1997-04-16,SZ,主板,B 采矿业,False,29.4,True
000759,中百集团,1997-05-19,SZ,主板,F 批发零售,False,29.3,True
000761,本钢板材,1998-01-15,SZ,主板,C 制造业,False,28.6,True
000762,西藏矿业,1997-07-08,SZ,主板,B 采矿业,False,29.2,True
000766,通化金马,1997-04-30,SZ,主板,C 制造业,False,29.4,True
000767,晋控电力,1997-06-09,SZ,主板,D 水电煤气,False,29.2,True
000768,中航西飞,1997-06-26,SZ,主板,C 制造业,False,29.2,True
000776,广发证券,1997-06-11,SZ,主板,J 金融业,False,29.2,True
000777,中核科技,1997-07-10,SZ,主板,C 制造业,False,29.2,True
000778,新兴铸管,1997-06-06,SZ,主板,C 制造业,False,29.3,True
000779,甘咨询,1997-05-28,SZ,主板,M 科研服务,False,29.3,True
000782,恒申新材,1997-06-19,SZ,主板,C 制造业,False,29.2,True
000783,长江证券,1997-07-31,SZ,主板,J 金融业,False,29.1,True
000785,居然智家,1997-07-11,SZ,主板,L 商务服务,False,29.2,True
000786,北新建材,1997-06-06,SZ,主板,C 制造业,False,29.3,True
000788,北大医药,1997-06-16,SZ,主板,C 制造业,False,29.2,True
000789,万年青,1997-09-23,SZ,主板,C 制造业,False,29.0,True
000790,华神科技,1998-03-27,SZ,主板,C 制造业,False,28.4,True
000791,甘肃能源,1997-10-14,SZ,主板,D 水电煤气,False,28.9,True
000792,盐湖股份,1997-09-04,SZ,主板,C 制造业,False,29.0,True
000793,ST华闻,1997-07-29,SZ,主板,R 文化传播,True,29.1,True
000795,英洛华,1997-08-08,SZ,主板,C 制造业,False,29.1,True
000796,凯撒旅业,1997-07-03,SZ,主板,L 商务服务,False,29.2,True
000797,中国武夷,1997-07-15,SZ,主板,K 房地产,False,29.1,True
000798,中水渔业,1998-02-12,SZ,主板,A 农林牧渔,False,28.6,True
000799,酒鬼酒,1997-07-18,SZ,主板,C 制造业,False,29.1,True
000800,一汽解放,1997-06-18,SZ,主板,C 制造业,False,29.2,True
000801,四川九洲,1998-05-06,SZ,主板,C 制造业,False,28.3,True
000802,北京文化,1998-01-08,SZ,主板,R 文化传播,False,28.7,True
000803,山高环能,1998-03-03,SZ,主板,N 公共环保,False,28.5,True
000807,云铝股份,1998-04-08,SZ,主板,C 制造业,False,28.4,True
000809,和展能源,1998-06-16,SZ,主板,C 制造业,False,28.2,True
000810,创维数字,1998-06-02,SZ,主板,C 制造业,False,28.3,True
000811,冰轮环境,1998-05-28,SZ,主板,C 制造业,False,28.3,True
000812,陕西金叶,1998-06-23,SZ,主板,C 制造业,False,28.2,True
000813,德展健康,1998-05-19,SZ,主板,C 制造业,False,28.3,True
000815,美利云,1998-06-09,SZ,主板,C 制造业,False,28.2,True
000816,智慧农业,1997-08-18,SZ,主板,C 制造业,False,29.1,True
000818,航锦科技,1997-10-17,SZ,主板,C 制造业,False,28.9,True
000819,岳阳兴长,1997-06-25,SZ,主板,C 制造业,False,29.2,True
000820,神雾节能,1998-06-30,SZ,主板,M 科研服务,False,28.2,True
000821,ST京机,1998-06-26,SZ,主板,C 制造业,True,28.2,True
000822,山东海化,1998-07-03,SZ,主板,C 制造业,False,28.2,True
000823,超声电子,1997-10-08,SZ,主板,C 制造业,False,28.9,True
000825,太钢不锈,1998-10-21,SZ,主板,C 制造业,False,27.9,True
000826,*ST启环,1998-02-25,SZ,主板,N 公共环保,True,28.5,True
000828,东莞控股,1997-06-17,SZ,主板,G 运输仓储,False,29.2,True
000829,天音控股,1997-12-02,SZ,主板,F 批发零售,False,28.8,True
000830,鲁西化工,1998-08-07,SZ,主板,C 制造业,False,28.1,True
000831,中国稀土,1998-09-11,SZ,主板,C 制造业,False,28.0,True
000833,粤桂股份,1998-11-11,SZ,主板,S 综合,False,27.8,True
000837,秦川机床,1998-09-28,SZ,主板,C 制造业,False,27.9,True
000838,*ST发展,1997-06-26,SZ,主板,K 房地产,True,29.2,True
000839,国安股份,1997-10-31,SZ,主板,I 信息技术,False,28.8,True
000848,承德露露,1997-11-13,SZ,主板,C 制造业,False,28.8,True
000850,华茂股份,1998-10-07,SZ,主板,C 制造业,False,27.9,True
000852,石化机械,1998-11-26,SZ,主板,C 制造业,False,27.8,True
000856,冀东装备,1998-08-13,SZ,主板,C 制造业,False,28.1,True
000858,五粮液,1998-04-27,SZ,主板,C 制造业,False,28.4,True
000859,国风新材,1998-11-19,SZ,主板,C 制造业,False,27.8,True
000860,顺鑫农业,1998-11-04,SZ,主板,C 制造业,False,27.8,True
000862,银星能源,1998-09-15,SZ,主板,D 水电煤气,False,28.0,True
000863,三湘印象,1997-09-25,SZ,主板,K 房地产,False,28.9,True
000868,安凯客车,1997-07-25,SZ,主板,C 制造业,False,29.1,True
000869,张裕Ａ,2000-10-26,SZ,主板,C 制造业,False,25.9,True
000875,电投绿能,2002-09-26,SZ,主板,D 水电煤气,False,23.9,True
000876,新希望,1998-03-11,SZ,主板,C 制造业,False,28.5,True
000877,天山股份,1999-01-07,SZ,主板,C 制造业,False,27.7,True
000878,云南铜业,1998-06-02,SZ,主板,C 制造业,False,28.3,True
000880,潍柴重机,1998-04-02,SZ,主板,C 制造业,False,28.4,True
000881,中广核技,1998-09-02,SZ,主板,C 制造业,False,28.0,True
000882,华联股份,1998-06-16,SZ,主板,L 商务服务,False,28.2,True
000883,湖北能源,1998-05-19,SZ,主板,D 水电煤气,False,28.3,True
000885,城发环境,1999-03-19,SZ,主板,N 公共环保,False,27.5,True
000886,海南高速,1998-01-23,SZ,主板,G 运输仓储,False,28.6,True
000887,中鼎股份,1998-12-03,SZ,主板,C 制造业,False,27.8,True
000888,峨眉山Ａ,1997-10-21,SZ,主板,N 公共环保,False,28.9,True
000889,中嘉博创,1997-12-18,SZ,主板,I 信息技术,False,28.7,True
000890,法尔胜,1999-01-19,SZ,主板,C 制造业,False,27.6,True
000892,欢瑞世纪,1999-01-15,SZ,主板,R 文化传播,False,27.6,True
000893,亚钾国际,1998-12-24,SZ,主板,C 制造业,False,27.7,True
000895,双汇发展,1998-12-10,SZ,主板,C 制造业,False,27.7,True
000897,津滨发展,1999-04-22,SZ,主板,K 房地产,False,27.4,True
000898,鞍钢股份,1997-12-25,SZ,主板,C 制造业,False,28.7,True
000899,赣能股份,1997-11-26,SZ,主板,D 水电煤气,False,28.8,True
000900,现代投资,1999-01-28,SZ,主板,G 运输仓储,False,27.6,True
000901,航天科技,1999-04-01,SZ,主板,C 制造业,False,27.4,True
000902,新洋丰,1999-04-08,SZ,主板,C 制造业,False,27.4,True
000903,ST云动,1999-04-15,SZ,主板,C 制造业,True,27.4,True
000905,厦门港务,1999-04-29,SZ,主板,F 批发零售,False,27.4,True
000906,浙商中拓,1999-07-07,SZ,主板,L 商务服务,False,27.2,True
000908,石药景峰,1999-02-03,SZ,主板,C 制造业,False,27.6,True
000909,*ST数源,1999-05-07,SZ,主板,K 房地产,True,27.3,True
000910,大亚圣象,1999-06-30,SZ,主板,C 制造业,False,27.2,True
000911,*ST广糖,1999-05-27,SZ,主板,C 制造业,True,27.3,True
000912,泸天化,1999-06-03,SZ,主板,C 制造业,False,27.3,True
000913,钱江摩托,1999-05-14,SZ,主板,C 制造业,False,27.3,True
000915,华特达因,1999-06-09,SZ,主板,C 制造业,False,27.2,True
000917,电广传媒,1999-03-25,SZ,主板,I 信息技术,False,27.5,True
000919,金陵药业,1999-11-18,SZ,主板,C 制造业,False,26.8,True
000920,沃顿科技,1999-06-16,SZ,主板,C 制造业,False,27.2,True
000921,海信家电,1999-07-13,SZ,主板,C 制造业,False,27.2,True
000922,佳电股份,1999-06-18,SZ,主板,C 制造业,False,27.2,True
000923,河钢资源,1999-07-14,SZ,主板,B 采矿业,False,27.1,True
000925,众合科技,1999-06-11,SZ,主板,C 制造业,False,27.2,True
000926,福星股份,1999-06-18,SZ,主板,K 房地产,False,27.2,True
000927,中国铁物,1999-07-27,SZ,主板,L 商务服务,False,27.1,True
000928,中钢国际,1999-03-12,SZ,主板,E 建筑业,False,27.5,True
000929,兰州黄河,1999-06-23,SZ,主板,C 制造业,False,27.2,True
000930,中粮科技,1999-07-12,SZ,主板,C 制造业,False,27.2,True
000931,中关村,1999-07-12,SZ,主板,C 制造业,False,27.2,True
000932,华菱钢铁,1999-08-03,SZ,主板,C 制造业,False,27.1,True
000933,神火股份,1999-08-31,SZ,主板,C 制造业,False,27.0,True
000935,四川双马,1999-08-24,SZ,主板,C 制造业,False,27.0,True
000936,华西股份,1999-08-10,SZ,主板,C 制造业,False,27.1,True
000937,冀中能源,1999-09-09,SZ,主板,B 采矿业,False,27.0,True
000938,紫光股份,1999-11-04,SZ,主板,C 制造业,False,26.8,True
000948,南天信息,1999-10-14,SZ,主板,I 信息技术,False,26.9,True
000949,新乡化纤,1999-10-21,SZ,主板,C 制造业,False,26.9,True
000950,重药控股,1999-09-16,SZ,主板,F 批发零售,False,27.0,True
000951,中国重汽,1999-11-25,SZ,主板,C 制造业,False,26.8,True
000952,广济药业,1999-11-12,SZ,主板,C 制造业,False,26.8,True
000953,中哲精化,1999-12-02,SZ,主板,C 制造业,False,26.8,True
000955,欣龙控股,1999-12-09,SZ,主板,C 制造业,False,26.7,True
000957,中通客车,2000-01-13,SZ,主板,C 制造业,False,26.6,True
000958,电投产融,1999-12-23,SZ,主板,D 水电煤气,False,26.7,True
000959,首钢股份,1999-12-16,SZ,主板,C 制造业,False,26.7,True
000960,锡业股份,2000-02-21,SZ,主板,C 制造业,False,26.5,True
000962,东方钽业,2000-01-20,SZ,主板,C 制造业,False,26.6,True
000963,华东医药,2000-01-27,SZ,主板,F 批发零售,False,26.6,True
000965,天保基建,2000-04-06,SZ,主板,K 房地产,False,26.4,True
000966,长源电力,2000-03-16,SZ,主板,D 水电煤气,False,26.5,True
000967,盈峰环境,2000-03-30,SZ,主板,C 制造业,False,26.4,True
000968,蓝焰控股,2000-06-22,SZ,主板,B 采矿业,False,26.2,True
000969,安泰科技,2000-05-29,SZ,主板,C 制造业,False,26.3,True
000970,中科三环,2000-04-20,SZ,主板,C 制造业,False,26.4,True
000972,中基健康,2000-09-26,SZ,主板,C 制造业,False,25.9,True
000973,佛塑科技,2000-05-25,SZ,主板,C 制造业,False,26.3,True
000975,山金国际,2000-06-08,SZ,主板,B 采矿业,False,26.2,True
000977,浪潮信息,2000-06-08,SZ,主板,C 制造业,False,26.2,True
000978,桂林旅游,2000-05-18,SZ,主板,N 公共环保,False,26.3,True
000980,众泰汽车,2000-06-16,SZ,主板,C 制造业,False,26.2,True
000981,山子高科,2000-06-22,SZ,主板,C 制造业,False,26.2,True
000983,山西焦煤,2000-07-26,SZ,主板,B 采矿业,False,26.1,True
000985,大庆华科,2000-07-26,SZ,主板,C 制造业,False,26.1,True
000987,越秀资本,2000-07-18,SZ,主板,J 金融业,False,26.1,True
000988,华工科技,2000-06-08,SZ,主板,C 制造业,False,26.2,True
000989,九芝堂,2000-06-28,SZ,主板,C 制造业,False,26.2,True
000990,诚志股份,2000-07-06,SZ,主板,C 制造业,False,26.2,True
000993,闽东电力,2000-07-31,SZ,主板,D 水电煤气,False,26.1,True
000995,皇台酒业,2000-08-07,SZ,主板,C 制造业,False,26.1,True
000997,新大陆,2000-08-07,SZ,主板,I 信息技术,False,26.1,True
000998,隆平高科,2000-12-11,SZ,主板,A 农林牧渔,False,25.7,True
000999,华润三九,2000-03-09,SZ,主板,C 制造业,False,26.5,True
001696,宗申动力,1997-03-06,SZ,主板,C 制造业,False,29.5,True
001872,招商港口,1993-05-05,SZ,主板,G 运输仓储,False,33.3,True
001896,豫能控股,1998-01-22,SZ,主板,D 水电煤气,False,28.6,True
001914,招商积余,1994-09-28,SZ,主板,K 房地产,False,31.9,True
001979,招商蛇口,2015-12-30,SZ,主板,K 房地产,False,10.7,True
002001,新和成,2004-06-25,SZ,主板,C 制造业,False,22.2,True
002003,伟星股份,2004-06-25,SZ,主板,C 制造业,False,22.2,True
002004,华邦健康,2004-06-25,SZ,主板,C 制造业,False,22.2,True
002005,德豪润达,2004-06-25,SZ,主板,C 制造业,False,22.2,True
002006,精工科技,2004-06-25,SZ,主板,C 制造业,False,22.2,True
002007,华兰生物,2004-06-25,SZ,主板,C 制造业,False,22.2,True
002008,大族激光,2004-06-25,SZ,主板,C 制造业,False,22.2,True
002009,天奇股份,2004-06-29,SZ,主板,C 制造业,False,22.2,True
002010,传化智联,2004-06-29,SZ,主板,L 商务服务,False,22.2,True
002011,盾安环境,2004-07-05,SZ,主板,C 制造业,False,22.2,True
002012,凯恩股份,2004-07-05,SZ,主板,C 制造业,False,22.2,True
002014,永新股份,2004-07-08,SZ,主板,C 制造业,False,22.2,True
002015,协鑫能科,2004-07-08,SZ,主板,D 水电煤气,False,22.2,True
002016,世荣兆业,2004-07-08,SZ,主板,K 房地产,False,22.2,True
002017,东信和平,2004-07-13,SZ,主板,C 制造业,False,22.1,True
002019,亿帆医药,2004-07-13,SZ,主板,C 制造业,False,22.1,True
002020,京新药业,2004-07-15,SZ,主板,C 制造业,False,22.1,True
002021,中捷资源,2004-07-15,SZ,主板,C 制造业,False,22.1,True
002022,科华生物,2004-07-21,SZ,主板,C 制造业,False,22.1,True
002023,海特高新,2004-07-21,SZ,主板,C 制造业,False,22.1,True
002024,ST易购,2004-07-21,SZ,主板,F 批发零售,True,22.1,True
002025,航天电器,2004-07-26,SZ,主板,C 制造业,False,22.1,True
002026,山东威达,2004-07-27,SZ,主板,C 制造业,False,22.1,True
002027,分众传媒,2004-08-04,SZ,主板,L 商务服务,False,22.1,True
002028,思源电气,2004-08-05,SZ,主板,C 制造业,False,22.1,True
002029,七匹狼,2004-08-06,SZ,主板,C 制造业,False,22.1,True
002030,达安基因,2004-08-09,SZ,主板,C 制造业,False,22.1,True
002031,巨轮智能,2004-08-16,SZ,主板,C 制造业,False,22.1,True
002032,苏泊尔,2004-08-17,SZ,主板,C 制造业,False,22.1,True
002033,丽江股份,2004-08-25,SZ,主板,N 公共环保,False,22.0,True
002034,旺能环境,2004-08-26,SZ,主板,D 水电煤气,False,22.0,True
002035,华帝股份,2004-09-01,SZ,主板,C 制造业,False,22.0,True
002036,联创电子,2004-09-03,SZ,主板,C 制造业,False,22.0,True
002037,保利联合,2004-09-08,SZ,主板,C 制造业,False,22.0,True
002038,双鹭药业,2004-09-09,SZ,主板,C 制造业,False,22.0,True
002039,黔源电力,2005-03-03,SZ,主板,D 水电煤气,False,21.5,True
002040,南京港,2005-03-25,SZ,主板,G 运输仓储,False,21.5,True
002041,登海种业,2005-04-18,SZ,主板,A 农林牧渔,False,21.4,True
002042,华孚时尚,2005-04-27,SZ,主板,C 制造业,False,21.4,True
002043,兔宝宝,2005-05-10,SZ,主板,C 制造业,False,21.3,True
002044,美年健康,2005-05-18,SZ,主板,Q 卫生,False,21.3,True
002045,国光电器,2005-05-23,SZ,主板,C 制造业,False,21.3,True
002046,国机精工,2005-05-26,SZ,主板,C 制造业,False,21.3,True
002047,宝鹰股份,2005-05-31,SZ,主板,E 建筑业,False,21.3,True
002048,宁波华翔,2005-06-03,SZ,主板,C 制造业,False,21.3,True
002049,紫光国微,2005-06-06,SZ,主板,C 制造业,False,21.3,True
002050,三花智控,2005-06-07,SZ,主板,C 制造业,False,21.2,True
002051,中工国际,2006-06-19,SZ,主板,E 建筑业,False,20.2,True
002052,同洲电子,2006-06-27,SZ,主板,C 制造业,False,20.2,True
002053,云南能投,2006-06-27,SZ,主板,D 水电煤气,False,20.2,True
002054,德美化工,2006-07-25,SZ,主板,C 制造业,False,20.1,True
002055,ST得润,2006-07-25,SZ,主板,C 制造业,True,20.1,True
002056,横店东磁,2006-08-02,SZ,主板,C 制造业,False,20.1,True
002057,中钢天源,2006-08-02,SZ,主板,C 制造业,False,20.1,True
002058,紫竹高科,2006-08-02,SZ,主板,C 制造业,False,20.1,True
002059,云南旅游,2006-08-10,SZ,主板,N 公共环保,False,20.1,True
002060,广东建工,2006-08-10,SZ,主板,E 建筑业,False,20.1,True
002061,浙江交科,2006-08-16,SZ,主板,E 建筑业,False,20.1,True
002062,宏润建设,2006-08-16,SZ,主板,E 建筑业,False,20.1,True
002063,远光软件,2006-08-23,SZ,主板,I 信息技术,False,20.0,True
002064,华峰化学,2006-08-23,SZ,主板,C 制造业,False,20.0,True
002065,东华软件,2006-08-23,SZ,主板,I 信息技术,False,20.0,True
002066,瑞泰科技,2006-08-23,SZ,主板,C 制造业,False,20.0,True
002067,景兴纸业,2006-09-15,SZ,主板,C 制造业,False,20.0,True
002068,黑猫股份,2006-09-15,SZ,主板,C 制造业,False,20.0,True
002069,獐子岛,2006-09-28,SZ,主板,A 农林牧渔,False,19.9,True
002072,凯瑞德,2006-10-18,SZ,主板,F 批发零售,False,19.9,True
002073,软控股份,2006-10-18,SZ,主板,C 制造业,False,19.9,True
002074,国轩高科,2006-10-18,SZ,主板,C 制造业,False,19.9,True
002075,沙钢股份,2006-10-25,SZ,主板,C 制造业,False,19.9,True
002076,星光股份,2006-10-25,SZ,主板,C 制造业,False,19.9,True
002077,大港股份,2006-11-16,SZ,主板,C 制造业,False,19.8,True
002078,太阳纸业,2006-11-16,SZ,主板,C 制造业,False,19.8,True
002079,苏州固锝,2006-11-16,SZ,主板,C 制造业,False,19.8,True
002080,中材科技,2006-11-20,SZ,主板,C 制造业,False,19.8,True
002081,金螳螂,2006-11-20,SZ,主板,E 建筑业,False,19.8,True
002082,ST万邦,2006-11-20,SZ,主板,C 制造业,True,19.8,True
002083,孚日股份,2006-11-24,SZ,主板,C 制造业,False,19.8,True
002084,海鸥住工,2006-11-24,SZ,主板,C 制造业,False,19.8,True
002085,万丰奥威,2006-11-28,SZ,主板,C 制造业,False,19.8,True
002086,东方海洋,2006-11-28,SZ,主板,A 农林牧渔,False,19.8,True
002088,鲁阳节能,2006-11-30,SZ,主板,C 制造业,False,19.8,True
002090,金智科技,2006-12-08,SZ,主板,C 制造业,False,19.7,True
002091,江苏国泰,2006-12-08,SZ,主板,F 批发零售,False,19.7,True
002092,中泰化学,2006-12-08,SZ,主板,C 制造业,False,19.7,True
002093,国脉科技,2006-12-15,SZ,主板,I 信息技术,False,19.7,True
002094,青岛金王,2006-12-15,SZ,主板,C 制造业,False,19.7,True
002095,生意宝,2006-12-15,SZ,主板,I 信息技术,False,19.7,True
002096,易普力,2006-12-22,SZ,主板,C 制造业,False,19.7,True
002097,山河智能,2006-12-22,SZ,主板,C 制造业,False,19.7,True
002098,浔兴股份,2006-12-22,SZ,主板,C 制造业,False,19.7,True
002099,海翔药业,2006-12-26,SZ,主板,C 制造业,False,19.7,True
002100,天康生物,2006-12-26,SZ,主板,C 制造业,False,19.7,True
002101,广东鸿图,2006-12-29,SZ,主板,C 制造业,False,19.7,True
002102,ST能特,2006-12-29,SZ,主板,C 制造业,True,19.7,True
002103,广博股份,2007-01-10,SZ,主板,C 制造业,False,19.7,True
002104,恒宝股份,2007-01-10,SZ,主板,C 制造业,False,19.7,True
002105,信隆健康,2007-01-12,SZ,主板,C 制造业,False,19.6,True
002106,莱宝高科,2007-01-12,SZ,主板,C 制造业,False,19.6,True
002107,沃华医药,2007-01-24,SZ,主板,C 制造业,False,19.6,True
002108,沧州明珠,2007-01-24,SZ,主板,C 制造业,False,19.6,True
002109,ST兴化,2007-01-26,SZ,主板,C 制造业,True,19.6,True
002110,三钢闽光,2007-01-26,SZ,主板,C 制造业,False,19.6,True
002111,威海广泰,2007-01-26,SZ,主板,C 制造业,False,19.6,True
002112,三变科技,2007-02-08,SZ,主板,C 制造业,False,19.6,True
002114,罗平锌电,2007-02-15,SZ,主板,C 制造业,False,19.6,True
002115,三维通信,2007-02-15,SZ,主板,L 商务服务,False,19.6,True
002116,中国海诚,2007-02-15,SZ,主板,E 建筑业,False,19.6,True
002117,东港股份,2007-03-02,SZ,主板,C 制造业,False,19.5,True
002119,康强电子,2007-03-02,SZ,主板,C 制造业,False,19.5,True
002120,韵达股份,2007-03-06,SZ,主板,G 运输仓储,False,19.5,True
002121,科陆电子,2007-03-06,SZ,主板,C 制造业,False,19.5,True
002122,ST汇洲,2007-03-28,SZ,主板,C 制造业,True,19.4,True
002123,梦网科技,2007-03-28,SZ,主板,I 信息技术,False,19.4,True
002124,天邦食品,2007-04-03,SZ,主板,A 农林牧渔,False,19.4,True
002125,湘潭电化,2007-04-03,SZ,主板,C 制造业,False,19.4,True
002126,银轮股份,2007-04-18,SZ,主板,C 制造业,False,19.4,True
002127,南极电商,2007-04-18,SZ,主板,L 商务服务,False,19.4,True
002128,电投能源,2007-04-18,SZ,主板,B 采矿业,False,19.4,True
002129,TCL中环,2007-04-20,SZ,主板,C 制造业,False,19.4,True
002130,沃尔核材,2007-04-20,SZ,主板,C 制造业,False,19.4,True
002131,利欧股份,2007-04-27,SZ,主板,L 商务服务,False,19.4,True
002132,恒星科技,2007-04-27,SZ,主板,C 制造业,False,19.4,True
002133,广宇集团,2007-04-27,SZ,主板,K 房地产,False,19.4,True
002134,天津普林,2007-05-16,SZ,主板,C 制造业,False,19.3,True
002135,东南网架,2007-05-30,SZ,主板,C 制造业,False,19.3,True
002136,安纳达,2007-05-30,SZ,主板,C 制造业,False,19.3,True
002137,实益达,2007-06-13,SZ,主板,C 制造业,False,19.2,True
002138,顺络电子,2007-06-13,SZ,主板,C 制造业,False,19.2,True
002139,拓邦股份,2007-06-29,SZ,主板,C 制造业,False,19.2,True
002140,东华科技,2007-07-12,SZ,主板,E 建筑业,False,19.2,True
002141,贤丰控股,2007-07-20,SZ,主板,C 制造业,False,19.1,True
002142,宁波银行,2007-07-19,SZ,主板,J 金融业,False,19.1,True
002144,宏达高科,2007-08-03,SZ,主板,C 制造业,False,19.1,True
002145,钛能化学,2007-08-03,SZ,主板,C 制造业,False,19.1,True
002146,荣盛发展,2007-08-08,SZ,主板,K 房地产,False,19.1,True
002148,北纬科技,2007-08-10,SZ,主板,I 信息技术,False,19.1,True
002149,西部材料,2007-08-10,SZ,主板,C 制造业,False,19.1,True
002150,正泰电源,2007-08-10,SZ,主板,C 制造业,False,19.1,True
002151,北斗星通,2007-08-13,SZ,主板,C 制造业,False,19.1,True
002152,广电运通,2007-08-13,SZ,主板,C 制造业,False,19.1,True
002153,石基信息,2007-08-13,SZ,主板,I 信息技术,False,19.1,True
002154,报喜鸟,2007-08-16,SZ,主板,C 制造业,False,19.1,True
002155,湖南黄金,2007-08-16,SZ,主板,B 采矿业,False,19.1,True
002156,通富微电,2007-08-16,SZ,主板,C 制造业,False,19.1,True
002157,正邦科技,2007-08-17,SZ,主板,A 农林牧渔,False,19.1,True
002158,汉钟精机,2007-08-17,SZ,主板,C 制造业,False,19.1,True
002159,三特索道,2007-08-17,SZ,主板,N 公共环保,False,19.1,True
002160,常铝股份,2007-08-21,SZ,主板,C 制造业,False,19.0,True
002161,远望谷,2007-08-21,SZ,主板,C 制造业,False,19.0,True
002162,悦心健康,2007-08-23,SZ,主板,C 制造业,False,19.0,True
002163,海南发展,2007-08-23,SZ,主板,E 建筑业,False,19.0,True
002164,宁波东力,2007-08-23,SZ,主板,C 制造业,False,19.0,True
002165,红宝丽,2007-09-13,SZ,主板,C 制造业,False,19.0,True
002166,莱茵生物,2007-09-13,SZ,主板,C 制造业,False,19.0,True
002167,东方锆业,2007-09-13,SZ,主板,C 制造业,False,19.0,True
002168,ST惠程,2007-09-19,SZ,主板,C 制造业,True,19.0,True
002169,智光电气,2007-09-19,SZ,主板,C 制造业,False,19.0,True
002170,芭田股份,2007-09-19,SZ,主板,C 制造业,False,19.0,True
002171,楚江新材,2007-09-21,SZ,主板,C 制造业,False,19.0,True
002172,澳洋健康,2007-09-21,SZ,主板,Q 卫生,False,19.0,True
002173,创新医疗,2007-09-25,SZ,主板,Q 卫生,False,18.9,True
002174,游族网络,2007-09-25,SZ,主板,I 信息技术,False,18.9,True
002175,*ST东智,2007-10-12,SZ,主板,C 制造业,True,18.9,True
002176,江特电机,2007-10-12,SZ,主板,C 制造业,False,18.9,True
002177,御银股份,2007-11-01,SZ,主板,C 制造业,False,18.8,True
002178,延华智能,2007-11-01,SZ,主板,I 信息技术,False,18.8,True
002179,中航光电,2007-11-01,SZ,主板,C 制造业,False,18.8,True
002180,奔图科技,2007-11-13,SZ,主板,C 制造业,False,18.8,True
002181,粤传媒,2007-11-16,SZ,主板,L 商务服务,False,18.8,True
002182,宝武镁业,2007-11-13,SZ,主板,C 制造业,False,18.8,True
002183,怡亚通,2007-11-13,SZ,主板,L 商务服务,False,18.8,True
002184,海得控制,2007-11-16,SZ,主板,C 制造业,False,18.8,True
002185,华天科技,2007-11-20,SZ,主板,C 制造业,False,18.8,True
002186,全聚德,2007-11-20,SZ,主板,H 住宿餐饮,False,18.8,True
002187,广百股份,2007-11-22,SZ,主板,F 批发零售,False,18.8,True
002188,中天服务,2007-11-22,SZ,主板,K 房地产,False,18.8,True
002189,中光学,2007-12-03,SZ,主板,C 制造业,False,18.8,True
002190,成飞集成,2007-12-03,SZ,主板,C 制造业,False,18.8,True
002191,劲嘉股份,2007-12-05,SZ,主板,C 制造业,False,18.8,True
002192,融捷股份,2007-12-05,SZ,主板,B 采矿业,False,18.8,True
002193,ST如意,2007-12-07,SZ,主板,C 制造业,True,18.7,True
002194,武汉凡谷,2007-12-07,SZ,主板,C 制造业,False,18.7,True
002195,岩山科技,2007-12-12,SZ,主板,I 信息技术,False,18.7,True
002196,方正电机,2007-12-12,SZ,主板,C 制造业,False,18.7,True
002197,证通电子,2007-12-18,SZ,主板,I 信息技术,False,18.7,True
002198,ST嘉应,2007-12-18,SZ,主板,C 制造业,True,18.7,True
002199,东晶电子,2007-12-21,SZ,主板,C 制造业,False,18.7,True
002200,交投生态,2007-12-21,SZ,主板,E 建筑业,False,18.7,True
002201,九鼎新材,2007-12-26,SZ,主板,C 制造业,False,18.7,True
002202,金风科技,2007-12-26,SZ,主板,C 制造业,False,18.7,True
002203,海亮股份,2008-01-16,SZ,主板,C 制造业,False,18.6,True
002204,大连重工,2008-01-16,SZ,主板,C 制造业,False,18.6,True
002205,国统股份,2008-01-23,SZ,主板,C 制造业,False,18.6,True
002206,海利得,2008-01-23,SZ,主板,C 制造业,False,18.6,True
002207,*ST准油,2008-01-28,SZ,主板,B 采矿业,True,18.6,True
002208,合肥城建,2008-01-28,SZ,主板,K 房地产,False,18.6,True
002209,达意隆,2008-01-30,SZ,主板,C 制造业,False,18.6,True
002210,飞马国际,2008-01-30,SZ,主板,L 商务服务,False,18.6,True
002211,ST宏达,2008-02-01,SZ,主板,C 制造业,True,18.6,True
002212,天融信,2008-02-01,SZ,主板,I 信息技术,False,18.6,True
002213,大为股份,2008-02-01,SZ,主板,C 制造业,False,18.6,True
002214,大立科技,2008-02-18,SZ,主板,C 制造业,False,18.5,True
002215,诺普信,2008-02-18,SZ,主板,C 制造业,False,18.5,True
002216,三全食品,2008-02-20,SZ,主板,C 制造业,False,18.5,True
002217,ST合力泰,2008-02-20,SZ,主板,C 制造业,True,18.5,True
002218,拓日新能,2008-02-28,SZ,主板,C 制造业,False,18.5,True
002219,新里程,2008-03-06,SZ,主板,Q 卫生,False,18.5,True
002221,东华能源,2008-03-06,SZ,主板,F 批发零售,False,18.5,True
002222,福晶科技,2008-03-19,SZ,主板,C 制造业,False,18.5,True
002223,鱼跃医疗,2008-04-18,SZ,主板,C 制造业,False,18.4,True
002224,三力士,2008-04-25,SZ,主板,C 制造业,False,18.4,True
002225,濮耐股份,2008-04-25,SZ,主板,C 制造业,False,18.4,True
002226,江南化工,2008-05-06,SZ,主板,C 制造业,False,18.3,True
002227,*ST特迅,2008-05-06,SZ,主板,C 制造业,True,18.3,True
002228,合兴包装,2008-05-08,SZ,主板,C 制造业,False,18.3,True
002229,鸿博股份,2008-05-08,SZ,主板,C 制造业,False,18.3,True
002230,科大讯飞,2008-05-12,SZ,主板,I 信息技术,False,18.3,True
002232,启明信息,2008-05-09,SZ,主板,I 信息技术,False,18.3,True
002233,塔牌集团,2008-05-16,SZ,主板,C 制造业,False,18.3,True
002234,民和股份,2008-05-16,SZ,主板,A 农林牧渔,False,18.3,True
002235,安妮股份,2008-05-16,SZ,主板,C 制造业,False,18.3,True
002236,大华股份,2008-05-20,SZ,主板,C 制造业,False,18.3,True
002237,恒邦股份,2008-05-20,SZ,主板,C 制造业,False,18.3,True
002238,天威视讯,2008-05-26,SZ,主板,I 信息技术,False,18.3,True
002239,奥特佳,2008-05-22,SZ,主板,C 制造业,False,18.3,True
002240,盛新锂能,2008-05-23,SZ,主板,C 制造业,False,18.3,True
002241,歌尔股份,2008-05-22,SZ,主板,C 制造业,False,18.3,True
002242,九阳股份,2008-05-28,SZ,主板,C 制造业,False,18.3,True
002243,力合科创,2008-05-28,SZ,主板,C 制造业,False,18.3,True
002244,滨江集团,2008-05-29,SZ,主板,K 房地产,False,18.3,True
002245,蔚蓝锂芯,2008-06-05,SZ,主板,C 制造业,False,18.3,True
002246,北化股份,2008-06-05,SZ,主板,C 制造业,False,18.3,True
002247,聚力文化,2008-06-12,SZ,主板,C 制造业,False,18.2,True
002248,华东数控,2008-06-12,SZ,主板,C 制造业,False,18.2,True
002249,大洋电机,2008-06-19,SZ,主板,C 制造业,False,18.2,True
002250,联化科技,2008-06-19,SZ,主板,C 制造业,False,18.2,True
002251,步步高,2008-06-19,SZ,主板,F 批发零售,False,18.2,True
002252,上海莱士,2008-06-23,SZ,主板,C 制造业,False,18.2,True
002253,川大智胜,2008-06-23,SZ,主板,I 信息技术,False,18.2,True
002254,泰和新材,2008-06-25,SZ,主板,C 制造业,False,18.2,True
002255,海陆重工,2008-06-25,SZ,主板,C 制造业,False,18.2,True
002256,兆新股份,2008-06-25,SZ,主板,D 水电煤气,False,18.2,True
002258,利尔化学,2008-07-08,SZ,主板,C 制造业,False,18.2,True
002259,升达林业,2008-07-16,SZ,主板,D 水电煤气,False,18.1,True
002261,拓维信息,2008-07-23,SZ,主板,I 信息技术,False,18.1,True
002262,恩华药业,2008-07-23,SZ,主板,C 制造业,False,18.1,True
002263,大东南,2008-07-28,SZ,主板,C 制造业,False,18.1,True
002264,新华都,2008-07-31,SZ,主板,I 信息技术,False,18.1,True
002265,建设工业,2008-08-06,SZ,主板,C 制造业,False,18.1,True
002266,浙富控股,2008-08-06,SZ,主板,N 公共环保,False,18.1,True
002267,陕天然气,2008-08-13,SZ,主板,D 水电煤气,False,18.1,True
002268,电科网安,2008-08-11,SZ,主板,I 信息技术,False,18.1,True
002269,美邦服饰,2008-08-28,SZ,主板,C 制造业,False,18.0,True
002270,华明装备,2008-09-05,SZ,主板,C 制造业,False,18.0,True
002271,东方雨虹,2008-09-10,SZ,主板,C 制造业,False,18.0,True
002272,川润股份,2008-09-19,SZ,主板,C 制造业,False,18.0,True
002273,水晶光电,2008-09-19,SZ,主板,C 制造业,False,18.0,True
002274,华昌化工,2008-09-25,SZ,主板,C 制造业,False,17.9,True
002275,桂林三金,2009-07-10,SZ,主板,C 制造业,False,17.2,True
002276,万马股份,2009-07-10,SZ,主板,C 制造业,False,17.2,True
002277,友阿股份,2009-07-17,SZ,主板,F 批发零售,False,17.1,True
002278,神开股份,2009-08-11,SZ,主板,C 制造业,False,17.1,True
002279,久其软件,2009-08-11,SZ,主板,I 信息技术,False,17.1,True
002281,光迅科技,2009-08-21,SZ,主板,C 制造业,False,17.0,True
002282,博深股份,2009-08-21,SZ,主板,C 制造业,False,17.0,True
002283,天润工业,2009-08-21,SZ,主板,C 制造业,False,17.0,True
002284,亚太股份,2009-08-28,SZ,主板,C 制造业,False,17.0,True
002285,世联行,2009-08-28,SZ,主板,K 房地产,False,17.0,True
002286,保龄宝,2009-08-28,SZ,主板,C 制造业,False,17.0,True
002287,奇正藏药,2009-08-28,SZ,主板,C 制造业,False,17.0,True
002289,宇顺电子,2009-09-03,SZ,主板,C 制造业,False,17.0,True
002290,禾盛新材,2009-09-03,SZ,主板,C 制造业,False,17.0,True
002291,遥望科技,2009-09-03,SZ,主板,I 信息技术,False,17.0,True
002292,奥飞娱乐,2009-09-10,SZ,主板,C 制造业,False,17.0,True
002293,罗莱生活,2009-09-10,SZ,主板,C 制造业,False,17.0,True
002294,信立泰,2009-09-10,SZ,主板,C 制造业,False,17.0,True
002295,精艺股份,2009-09-29,SZ,主板,C 制造业,False,16.9,True
002296,辉煌科技,2009-09-29,SZ,主板,C 制造业,False,16.9,True
002297,博云新材,2009-09-29,SZ,主板,C 制造业,False,16.9,True
002298,中电鑫龙,2009-09-29,SZ,主板,C 制造业,False,16.9,True
002299,圣农发展,2009-10-21,SZ,主板,C 制造业,False,16.9,True
002300,太阳电缆,2009-10-21,SZ,主板,C 制造业,False,16.9,True
002301,齐心集团,2009-10-21,SZ,主板,C 制造业,False,16.9,True
002302,西部建设,2009-11-03,SZ,主板,C 制造业,False,16.8,True
002303,美盈森,2009-11-03,SZ,主板,C 制造业,False,16.8,True
002304,洋河股份,2009-11-06,SZ,主板,C 制造业,False,16.8,True
002305,*ST南置,2009-11-06,SZ,主板,K 房地产,True,16.8,True
002306,ST云网,2009-11-11,SZ,主板,H 住宿餐饮,True,16.8,True
002307,北新路桥,2009-11-11,SZ,主板,E 建筑业,False,16.8,True
002309,中利集团,2009-11-27,SZ,主板,C 制造业,False,16.8,True
002310,东方新能,2009-11-27,SZ,主板,D 水电煤气,False,16.8,True
002311,海大集团,2009-11-27,SZ,主板,C 制造业,False,16.8,True
002312,川发龙蟒,2009-12-03,SZ,主板,C 制造业,False,16.8,True
002313,日海智能,2009-12-03,SZ,主板,C 制造业,False,16.8,True
002314,南山控股,2009-12-03,SZ,主板,K 房地产,False,16.8,True
002315,焦点科技,2009-12-09,SZ,主板,I 信息技术,False,16.7,True
002316,亚联发展,2009-12-09,SZ,主板,I 信息技术,False,16.7,True
002317,众生药业,2009-12-11,SZ,主板,C 制造业,False,16.7,True
002318,久立特材,2009-12-11,SZ,主板,C 制造业,False,16.7,True
002319,乐通股份,2009-12-11,SZ,主板,C 制造业,False,16.7,True
002320,海峡股份,2009-12-16,SZ,主板,G 运输仓储,False,16.7,True
002321,华英农业,2009-12-16,SZ,主板,A 农林牧渔,False,16.7,True
002322,理工能科,2009-12-18,SZ,主板,I 信息技术,False,16.7,True
002323,*ST雅博,2009-12-18,SZ,主板,E 建筑业,True,16.7,True
002324,普利特,2009-12-18,SZ,主板,C 制造业,False,16.7,True
002326,永太科技,2009-12-22,SZ,主板,C 制造业,False,16.7,True
002327,富安娜,2009-12-30,SZ,主板,C 制造业,False,16.7,True
002328,新朋股份,2009-12-30,SZ,主板,C 制造业,False,16.7,True
002329,皇氏集团,2010-01-06,SZ,主板,C 制造业,False,16.7,True
002330,得利斯,2010-01-06,SZ,主板,C 制造业,False,16.7,True
002331,皖通科技,2010-01-06,SZ,主板,I 信息技术,False,16.7,True
002332,仙琚制药,2010-01-12,SZ,主板,C 制造业,False,16.6,True
002333,罗普斯金,2010-01-12,SZ,主板,C 制造业,False,16.6,True
002334,英威腾,2010-01-13,SZ,主板,C 制造业,False,16.6,True
002335,科华数据,2010-01-13,SZ,主板,C 制造业,False,16.6,True
002337,赛象科技,2010-01-15,SZ,主板,C 制造业,False,16.6,True
002338,奥普光电,2010-01-15,SZ,主板,C 制造业,False,16.6,True
002339,积成电子,2010-01-22,SZ,主板,C 制造业,False,16.6,True
002340,格林美,2010-01-22,SZ,主板,C 制造业,False,16.6,True
002342,巨力索具,2010-01-26,SZ,主板,C 制造业,False,16.6,True
002343,慈文传媒,2010-01-26,SZ,主板,R 文化传播,False,16.6,True
002344,海宁皮城,2010-01-26,SZ,主板,L 商务服务,False,16.6,True
002345,潮宏基,2010-01-28,SZ,主板,C 制造业,False,16.6,True
002346,柘中股份,2010-01-28,SZ,主板,C 制造业,False,16.6,True
002347,泰尔股份,2010-01-28,SZ,主板,C 制造业,False,16.6,True
002348,高乐股份,2010-02-03,SZ,主板,C 制造业,False,16.6,True
002349,精华制药,2010-02-03,SZ,主板,C 制造业,False,16.6,True
002350,北京科锐,2010-02-03,SZ,主板,C 制造业,False,16.6,True
002351,漫步者,2010-02-05,SZ,主板,C 制造业,False,16.6,True
002352,顺丰控股,2010-02-05,SZ,主板,G 运输仓储,False,16.6,True
002353,杰瑞股份,2010-02-05,SZ,主板,C 制造业,False,16.6,True
002354,天娱数科,2010-02-09,SZ,主板,I 信息技术,False,16.6,True
002355,兴民智通,2010-02-09,SZ,主板,C 制造业,False,16.6,True
002356,鹏飞绿能,2010-02-09,SZ,主板,F 批发零售,False,16.6,True
002357,富临运业,2010-02-10,SZ,主板,G 运输仓储,False,16.6,True
002358,森源电气,2010-02-10,SZ,主板,C 制造业,False,16.6,True
002360,ST同德,2010-03-03,SZ,主板,C 制造业,True,16.5,True
002361,神剑股份,2010-03-03,SZ,主板,C 制造业,False,16.5,True
002362,汉王科技,2010-03-03,SZ,主板,C 制造业,False,16.5,True
002363,隆基机械,2010-03-05,SZ,主板,C 制造业,False,16.5,True
002364,中恒电气,2010-03-05,SZ,主板,C 制造业,False,16.5,True
002365,永安药业,2010-03-05,SZ,主板,C 制造业,False,16.5,True
002366,融发核电,2010-03-12,SZ,主板,C 制造业,False,16.5,True
002367,康力电梯,2010-03-12,SZ,主板,C 制造业,False,16.5,True
002368,太极股份,2010-03-12,SZ,主板,I 信息技术,False,16.5,True
002369,卓翼科技,2010-03-16,SZ,主板,C 制造业,False,16.5,True
002370,亚太药业,2010-03-16,SZ,主板,C 制造业,False,16.5,True
002371,北方华创,2010-03-16,SZ,主板,C 制造业,False,16.5,True
002372,伟星新材,2010-03-18,SZ,主板,C 制造业,False,16.5,True
002373,千方科技,2010-03-18,SZ,主板,I 信息技术,False,16.5,True
002374,中锐股份,2010-03-18,SZ,主板,C 制造业,False,16.5,True
002375,亚厦股份,2010-03-23,SZ,主板,E 建筑业,False,16.5,True
002376,新北洋,2010-03-23,SZ,主板,C 制造业,False,16.5,True
002377,国创高新,2010-03-23,SZ,主板,C 制造业,False,16.5,True
002378,章源钨业,2010-03-31,SZ,主板,C 制造业,False,16.4,True
002379,宏桥控股,2010-03-31,SZ,主板,C 制造业,False,16.4,True
002380,科远智慧,2010-03-31,SZ,主板,I 信息技术,False,16.4,True
002381,双箭股份,2010-04-02,SZ,主板,C 制造业,False,16.4,True
002382,蓝帆医疗,2010-04-02,SZ,主板,C 制造业,False,16.4,True
002383,合众思壮,2010-04-02,SZ,主板,C 制造业,False,16.4,True
002384,东山精密,2010-04-09,SZ,主板,C 制造业,False,16.4,True
002385,大北农,2010-04-09,SZ,主板,C 制造业,False,16.4,True
002386,天原股份,2010-04-09,SZ,主板,C 制造业,False,16.4,True
002387,维信诺,2010-04-13,SZ,主板,C 制造业,False,16.4,True
002388,新亚制程,2010-04-13,SZ,主板,C 制造业,False,16.4,True
002389,航天彩虹,2010-04-13,SZ,主板,C 制造业,False,16.4,True
002390,信邦制药,2010-04-16,SZ,主板,F 批发零售,False,16.4,True
002391,长青股份,2010-04-16,SZ,主板,C 制造业,False,16.4,True
002392,北京利尔,2010-04-23,SZ,主板,C 制造业,False,16.4,True
002393,力生制药,2010-04-23,SZ,主板,C 制造业,False,16.4,True
002394,联发股份,2010-04-23,SZ,主板,C 制造业,False,16.4,True
002395,双象股份,2010-04-29,SZ,主板,C 制造业,False,16.4,True
002396,星网锐捷,2010-06-23,SZ,主板,C 制造业,False,16.2,True
002397,梦洁股份,2010-04-29,SZ,主板,C 制造业,False,16.4,True
002398,垒知集团,2010-05-06,SZ,主板,C 制造业,False,16.3,True
002399,海普瑞,2010-05-06,SZ,主板,C 制造业,False,16.3,True
002400,省广集团,2010-05-06,SZ,主板,L 商务服务,False,16.3,True
002401,中远海科,2010-05-06,SZ,主板,I 信息技术,False,16.3,True
002402,和而泰,2010-05-11,SZ,主板,C 制造业,False,16.3,True
002403,爱仕达,2010-05-11,SZ,主板,C 制造业,False,16.3,True
002404,嘉欣丝绸,2010-05-11,SZ,主板,C 制造业,False,16.3,True
002405,四维图新,2010-05-18,SZ,主板,I 信息技术,False,16.3,True
002406,远东传动,2010-05-18,SZ,主板,C 制造业,False,16.3,True
002407,多氟多,2010-05-18,SZ,主板,C 制造业,False,16.3,True
002408,齐翔腾达,2010-05-18,SZ,主板,C 制造业,False,16.3,True
002409,雅克科技,2010-05-25,SZ,主板,C 制造业,False,16.3,True
002410,广联达,2010-05-25,SZ,主板,I 信息技术,False,16.3,True
002412,汉森制药,2010-05-25,SZ,主板,C 制造业,False,16.3,True
002413,雷科防务,2010-05-28,SZ,主板,C 制造业,False,16.3,True
002414,高德红外,2010-07-16,SZ,主板,C 制造业,False,16.1,True
002415,海康威视,2010-05-28,SZ,主板,C 制造业,False,16.3,True
002416,爱施德,2010-05-28,SZ,主板,F 批发零售,False,16.3,True
002418,康盛股份,2010-06-01,SZ,主板,C 制造业,False,16.3,True
002419,天虹股份,2010-06-01,SZ,主板,F 批发零售,False,16.3,True
002420,毅昌科技,2010-06-01,SZ,主板,C 制造业,False,16.3,True
002421,达实智能,2010-06-03,SZ,主板,I 信息技术,False,16.3,True
002422,科伦药业,2010-06-03,SZ,主板,C 制造业,False,16.3,True
002423,中粮资本,2010-06-03,SZ,主板,J 金融业,False,16.3,True
002424,ST百灵,2010-06-03,SZ,主板,C 制造业,True,16.3,True
002425,凯撒文化,2010-06-08,SZ,主板,I 信息技术,False,16.2,True
002426,胜利精密,2010-06-08,SZ,主板,C 制造业,False,16.2,True
002427,尤夫股份,2010-06-08,SZ,主板,C 制造业,False,16.2,True
002428,云南锗业,2010-06-08,SZ,主板,C 制造业,False,16.2,True
002429,兆驰股份,2010-06-10,SZ,主板,C 制造业,False,16.2,True
002430,杭氧股份,2010-06-10,SZ,主板,C 制造业,False,16.2,True
002431,ST棕榈,2010-06-10,SZ,主板,E 建筑业,True,16.2,True
002432,九安医疗,2010-06-10,SZ,主板,C 制造业,False,16.2,True
002434,万里扬,2010-06-18,SZ,主板,C 制造业,False,16.2,True
002436,兴森科技,2010-06-18,SZ,主板,C 制造业,False,16.2,True
002437,誉衡药业,2010-06-23,SZ,主板,C 制造业,False,16.2,True
002438,江苏神通,2010-06-23,SZ,主板,C 制造业,False,16.2,True
002439,启明星辰,2010-06-23,SZ,主板,I 信息技术,False,16.2,True
002440,闰土股份,2010-07-06,SZ,主板,C 制造业,False,16.2,True
002441,众业达,2010-07-06,SZ,主板,F 批发零售,False,16.2,True
002442,龙星科技,2010-07-06,SZ,主板,C 制造业,False,16.2,True
002443,金洲管道,2010-07-06,SZ,主板,C 制造业,False,16.2,True
002444,巨星科技,2010-07-13,SZ,主板,C 制造业,False,16.2,True
002445,中南文化,2010-07-13,SZ,主板,C 制造业,False,16.2,True
002446,盛路通信,2010-07-13,SZ,主板,C 制造业,False,16.2,True
002448,中原内配,2010-07-16,SZ,主板,C 制造业,False,16.1,True
002449,国星光电,2010-07-16,SZ,主板,C 制造业,False,16.1,True
002451,摩恩电气,2010-07-20,SZ,主板,C 制造业,False,16.1,True
002452,长高电气,2010-07-20,SZ,主板,C 制造业,False,16.1,True
002453,华软科技,2010-07-20,SZ,主板,C 制造业,False,16.1,True
002454,松芝股份,2010-07-20,SZ,主板,C 制造业,False,16.1,True
002455,百川股份,2010-08-03,SZ,主板,C 制造业,False,16.1,True
002456,欧菲光,2010-08-03,SZ,主板,C 制造业,False,16.1,True
002457,青龙管业,2010-08-03,SZ,主板,C 制造业,False,16.1,True
002458,益生股份,2010-08-10,SZ,主板,A 农林牧渔,False,16.1,True
002459,晶澳科技,2010-08-10,SZ,主板,C 制造业,False,16.1,True
002460,赣锋锂业,2010-08-10,SZ,主板,C 制造业,False,16.1,True
002461,珠江啤酒,2010-08-18,SZ,主板,C 制造业,False,16.1,True
002462,嘉事堂,2010-08-18,SZ,主板,F 批发零售,False,16.1,True
002463,沪电股份,2010-08-18,SZ,主板,C 制造业,False,16.1,True
002465,海格通信,2010-08-31,SZ,主板,C 制造业,False,16.0,True
002466,天齐锂业,2010-08-31,SZ,主板,C 制造业,False,16.0,True
002467,二六三,2010-09-08,SZ,主板,I 信息技术,False,16.0,True
002468,申通快递,2010-09-08,SZ,主板,G 运输仓储,False,16.0,True
002469,三维化学,2010-09-08,SZ,主板,C 制造业,False,16.0,True
002470,金正大,2010-09-08,SZ,主板,C 制造业,False,16.0,True
002471,中超控股,2010-09-10,SZ,主板,C 制造业,False,16.0,True
002472,双环传动,2010-09-10,SZ,主板,C 制造业,False,16.0,True
002474,榕基软件,2010-09-15,SZ,主板,I 信息技术,False,16.0,True
002475,立讯精密,2010-09-15,SZ,主板,C 制造业,False,16.0,True
002476,新叶股份,2010-09-15,SZ,主板,C 制造业,False,16.0,True
002478,常宝股份,2010-09-21,SZ,主板,C 制造业,False,16.0,True
002479,富春环保,2010-09-21,SZ,主板,D 水电煤气,False,16.0,True
002480,新筑股份,2010-09-21,SZ,主板,C 制造业,False,16.0,True
002481,双塔食品,2010-09-21,SZ,主板,C 制造业,False,16.0,True
002482,广田集团,2010-09-29,SZ,主板,E 建筑业,False,15.9,True
002483,润邦股份,2010-09-29,SZ,主板,C 制造业,False,15.9,True
002484,江海股份,2010-09-29,SZ,主板,C 制造业,False,15.9,True
002485,ST雪发,2010-10-15,SZ,主板,L 商务服务,True,15.9,True
002486,嘉麟杰,2010-10-15,SZ,主板,C 制造业,False,15.9,True
002487,大金重工,2010-10-15,SZ,主板,C 制造业,False,15.9,True
002488,金固股份,2010-10-21,SZ,主板,C 制造业,False,15.9,True
002489,浙江永强,2010-10-21,SZ,主板,C 制造业,False,15.9,True
002490,山东墨龙,2010-10-21,SZ,主板,C 制造业,False,15.9,True
002491,通鼎互联,2010-10-21,SZ,主板,C 制造业,False,15.9,True
002492,恒基达鑫,2010-11-02,SZ,主板,G 运输仓储,False,15.8,True
002493,荣盛石化,2010-11-02,SZ,主板,C 制造业,False,15.8,True
002494,华斯股份,2010-11-02,SZ,主板,C 制造业,False,15.8,True
002495,佳隆股份,2010-11-02,SZ,主板,C 制造业,False,15.8,True
002496,辉丰股份,2010-11-09,SZ,主板,C 制造业,False,15.8,True
002497,雅化集团,2010-11-09,SZ,主板,C 制造业,False,15.8,True
002498,汉缆股份,2010-11-09,SZ,主板,C 制造业,False,15.8,True
002500,山西证券,2010-11-15,SZ,主板,J 金融业,False,15.8,True
002501,*ST利源,2010-11-17,SZ,主板,C 制造业,True,15.8,True
002506,协鑫集成,2010-11-18,SZ,主板,C 制造业,False,15.8,True
002507,涪陵榨菜,2010-11-23,SZ,主板,C 制造业,False,15.8,True
002508,老板电器,2010-11-23,SZ,主板,C 制造业,False,15.8,True
002510,天汽模,2010-11-25,SZ,主板,C 制造业,False,15.8,True
002511,中顺洁柔,2010-11-25,SZ,主板,C 制造业,False,15.8,True
002512,ST达华,2010-12-03,SZ,主板,C 制造业,True,15.8,True
002513,蓝丰生化,2010-12-03,SZ,主板,C 制造业,False,15.8,True
002514,*ST宝馨,2010-12-03,SZ,主板,C 制造业,True,15.8,True
002515,金字火腿,2010-12-03,SZ,主板,C 制造业,False,15.8,True
002516,旷达科技,2010-12-07,SZ,主板,C 制造业,False,15.7,True
002517,恺英网络,2010-12-07,SZ,主板,I 信息技术,False,15.7,True
002518,科士达,2010-12-07,SZ,主板,C 制造业,False,15.7,True
002519,银河电子,2010-12-07,SZ,主板,C 制造业,False,15.7,True
002520,日发精机,2010-12-10,SZ,主板,C 制造业,False,15.7,True
002521,齐峰新材,2010-12-10,SZ,主板,C 制造业,False,15.7,True
002522,浙江众成,2010-12-10,SZ,主板,C 制造业,False,15.7,True
002523,天桥起重,2010-12-10,SZ,主板,C 制造业,False,15.7,True
002524,光正眼科,2010-12-17,SZ,主板,Q 卫生,False,15.7,True
002526,山东矿机,2010-12-17,SZ,主板,C 制造业,False,15.7,True
002527,新时达,2010-12-24,SZ,主板,C 制造业,False,15.7,True
002528,*ST英飞,2010-12-24,SZ,主板,C 制造业,True,15.7,True
002529,海源复材,2010-12-24,SZ,主板,C 制造业,False,15.7,True
002530,金财互联,2010-12-31,SZ,主板,C 制造业,False,15.7,True
002531,天顺风能,2010-12-31,SZ,主板,C 制造业,False,15.7,True
002532,天山铝业,2010-12-31,SZ,主板,C 制造业,False,15.7,True
002533,金杯电工,2010-12-31,SZ,主板,C 制造业,False,15.7,True
002534,西子洁能,2011-01-10,SZ,主板,C 制造业,False,15.7,True
002535,林州重机,2011-01-11,SZ,主板,C 制造业,False,15.7,True
002536,飞龙股份,2011-01-11,SZ,主板,C 制造业,False,15.7,True
002537,海联金汇,2011-01-10,SZ,主板,C 制造业,False,15.7,True
002538,ST司特,2011-01-18,SZ,主板,C 制造业,True,15.6,True
002539,云图控股,2011-01-18,SZ,主板,C 制造业,False,15.6,True
002540,亚太科技,2011-01-18,SZ,主板,C 制造业,False,15.6,True
002541,鸿路钢构,2011-01-18,SZ,主板,C 制造业,False,15.6,True
002542,*ST中岩,2011-01-28,SZ,主板,E 建筑业,True,15.6,True
002543,万和电气,2011-01-28,SZ,主板,C 制造业,False,15.6,True
002544,普天科技,2011-01-28,SZ,主板,I 信息技术,False,15.6,True
002545,东方铁塔,2011-02-11,SZ,主板,C 制造业,False,15.6,True
002546,新联电子,2011-02-11,SZ,主板,C 制造业,False,15.6,True
002547,*ST春兴,2011-02-18,SZ,主板,C 制造业,True,15.5,True
002548,金新农,2011-02-18,SZ,主板,C 制造业,False,15.5,True
002549,凯美特气,2011-02-18,SZ,主板,N 公共环保,False,15.5,True
002550,千红制药,2011-02-18,SZ,主板,C 制造业,False,15.5,True
002551,尚荣医疗,2011-02-25,SZ,主板,C 制造业,False,15.5,True
002552,宝鼎科技,2011-02-25,SZ,主板,C 制造业,False,15.5,True
002553,南方精工,2011-02-25,SZ,主板,C 制造业,False,15.5,True
002554,惠博普,2011-02-25,SZ,主板,B 采矿业,False,15.5,True
002555,三七互娱,2011-03-02,SZ,主板,I 信息技术,False,15.5,True
002556,辉隆股份,2011-03-02,SZ,主板,F 批发零售,False,15.5,True
002557,洽洽食品,2011-03-02,SZ,主板,C 制造业,False,15.5,True
002558,巨人网络,2011-03-02,SZ,主板,I 信息技术,False,15.5,True
002559,亚威股份,2011-03-03,SZ,主板,C 制造业,False,15.5,True
002560,通达股份,2011-03-03,SZ,主板,C 制造业,False,15.5,True
002561,徐家汇,2011-03-03,SZ,主板,F 批发零售,False,15.5,True
002562,兄弟科技,2011-03-10,SZ,主板,C 制造业,False,15.5,True
002563,森马服饰,2011-03-11,SZ,主板,C 制造业,False,15.5,True
002564,天沃科技,2011-03-10,SZ,主板,C 制造业,False,15.5,True
002565,顺灏股份,2011-03-18,SZ,主板,C 制造业,False,15.5,True
002566,益盛药业,2011-03-18,SZ,主板,C 制造业,False,15.5,True
002567,唐人神,2011-03-25,SZ,主板,C 制造业,False,15.5,True
002568,百润股份,2011-03-25,SZ,主板,C 制造业,False,15.5,True
002569,*ST步森,2011-04-12,SZ,主板,C 制造业,True,15.4,True
002570,贝因美,2011-04-12,SZ,主板,C 制造业,False,15.4,True
002571,德力股份,2011-04-12,SZ,主板,C 制造业,False,15.4,True
002572,索菲亚,2011-04-12,SZ,主板,C 制造业,False,15.4,True
002573,清新环境,2011-04-22,SZ,主板,N 公共环保,False,15.4,True
002574,明牌珠宝,2011-04-22,SZ,主板,C 制造业,False,15.4,True
002575,群兴玩具,2011-04-22,SZ,主板,F 批发零售,False,15.4,True
002576,通达动力,2011-04-28,SZ,主板,C 制造业,False,15.4,True
002577,雷柏科技,2011-04-28,SZ,主板,C 制造业,False,15.4,True
002578,闽发铝业,2011-04-28,SZ,主板,C 制造业,False,15.4,True
002579,中京电子,2011-05-06,SZ,主板,C 制造业,False,15.3,True
002580,圣阳股份,2011-05-06,SZ,主板,C 制造业,False,15.3,True
002581,*ST未名,2011-05-20,SZ,主板,C 制造业,True,15.3,True
002582,好想你,2011-05-20,SZ,主板,C 制造业,False,15.3,True
002583,海能达,2011-05-27,SZ,主板,C 制造业,False,15.3,True
002584,西陇科学,2011-06-02,SZ,主板,C 制造业,False,15.3,True
002585,双星新材,2011-06-02,SZ,主板,C 制造业,False,15.3,True
002586,围海股份,2011-06-02,SZ,主板,E 建筑业,False,15.3,True
002587,奥拓电子,2011-06-10,SZ,主板,C 制造业,False,15.2,True
002588,史丹利,2011-06-10,SZ,主板,C 制造业,False,15.2,True
002589,瑞康医药,2011-06-10,SZ,主板,F 批发零售,False,15.2,True
002590,万安科技,2011-06-10,SZ,主板,C 制造业,False,15.2,True
002591,恒大高新,2011-06-21,SZ,主板,C 制造业,False,15.2,True
002592,ST八菱,2011-11-11,SZ,主板,C 制造业,True,14.8,True
002593,日上集团,2011-06-28,SZ,主板,C 制造业,False,15.2,True
002594,比亚迪,2011-06-30,SZ,主板,C 制造业,False,15.2,True
002595,豪迈科技,2011-06-28,SZ,主板,C 制造业,False,15.2,True
002596,海南瑞泽,2011-07-07,SZ,主板,C 制造业,False,15.2,True
002597,金禾实业,2011-07-07,SZ,主板,C 制造业,False,15.2,True
002598,ST章鼓,2011-07-07,SZ,主板,C 制造业,True,15.2,True
002599,盛通股份,2011-07-15,SZ,主板,C 制造业,False,15.1,True
002600,领益智造,2011-07-15,SZ,主板,C 制造业,False,15.1,True
002601,龙佰集团,2011-07-15,SZ,主板,C 制造业,False,15.1,True
002602,世纪华通,2011-07-28,SZ,主板,I 信息技术,False,15.1,True
002603,以岭药业,2011-07-28,SZ,主板,C 制造业,False,15.1,True
002605,姚记科技,2011-08-05,SZ,主板,I 信息技术,False,15.1,True
002606,大连电瓷,2011-08-05,SZ,主板,C 制造业,False,15.1,True
002607,中公教育,2011-08-10,SZ,主板,P 教育,False,15.1,True
002608,江苏国信,2011-08-10,SZ,主板,D 水电煤气,False,15.1,True
002609,捷顺科技,2011-08-15,SZ,主板,I 信息技术,False,15.1,True
002611,东方精工,2011-08-30,SZ,主板,C 制造业,False,15.0,True
002612,朗姿股份,2011-08-30,SZ,主板,C 制造业,False,15.0,True
002613,北玻股份,2011-08-30,SZ,主板,C 制造业,False,15.0,True
002614,奥佳华,2011-09-09,SZ,主板,C 制造业,False,15.0,True
002615,哈尔斯,2011-09-09,SZ,主板,C 制造业,False,15.0,True
002616,长青集团,2011-09-20,SZ,主板,N 公共环保,False,15.0,True
002617,露笑科技,2011-09-20,SZ,主板,C 制造业,False,15.0,True
002620,*ST瑞和,2011-09-29,SZ,主板,E 建筑业,True,14.9,True
002622,皓宸医疗,2011-10-18,SZ,主板,Q 卫生,False,14.9,True
002623,亚玛顿,2011-10-13,SZ,主板,C 制造业,False,14.9,True
002624,完美世界,2011-10-28,SZ,主板,I 信息技术,False,14.9,True
002625,光启技术,2011-11-03,SZ,主板,C 制造业,False,14.8,True
002626,金达威,2011-10-28,SZ,主板,C 制造业,False,14.9,True
002627,三峡旅游,2011-11-03,SZ,主板,N 公共环保,False,14.8,True
002628,成都路桥,2011-11-03,SZ,主板,E 建筑业,False,14.8,True
002629,仁智股份,2011-11-03,SZ,主板,B 采矿业,False,14.8,True
002630,*ST华西,2011-11-11,SZ,主板,C 制造业,True,14.8,True
002631,德尔未来,2011-11-11,SZ,主板,C 制造业,False,14.8,True
002632,道明光学,2011-11-22,SZ,主板,C 制造业,False,14.8,True
002633,申科股份,2011-11-22,SZ,主板,C 制造业,False,14.8,True
002634,*ST棒杰,2011-12-05,SZ,主板,C 制造业,True,14.8,True
002635,安洁科技,2011-11-25,SZ,主板,C 制造业,False,14.8,True
002636,金安国纪,2011-11-25,SZ,主板,C 制造业,False,14.8,True
002637,赞宇科技,2011-11-25,SZ,主板,C 制造业,False,14.8,True
002638,勤上股份,2011-11-25,SZ,主板,C 制造业,False,14.8,True
002639,雪人集团,2011-12-05,SZ,主板,C 制造业,False,14.8,True
002640,跨境通,2011-12-08,SZ,主板,F 批发零售,False,14.7,True
002641,公元股份,2011-12-08,SZ,主板,C 制造业,False,14.7,True
002642,荣联科技,2011-12-20,SZ,主板,I 信息技术,False,14.7,True
002643,万润股份,2011-12-20,SZ,主板,C 制造业,False,14.7,True
002644,佛慈制药,2011-12-22,SZ,主板,C 制造业,False,14.7,True
002645,华宏科技,2011-12-20,SZ,主板,C 制造业,False,14.7,True
002646,天佑德酒,2011-12-22,SZ,主板,C 制造业,False,14.7,True
002647,仁东控股,2011-12-28,SZ,主板,J 金融业,False,14.7,True
002648,卫星化学,2011-12-28,SZ,主板,C 制造业,False,14.7,True
002649,博彦科技,2012-01-06,SZ,主板,I 信息技术,False,14.7,True
002650,ST加加,2012-01-06,SZ,主板,C 制造业,True,14.7,True
002651,利君股份,2012-01-06,SZ,主板,C 制造业,False,14.7,True
002652,扬子新材,2012-01-19,SZ,主板,C 制造业,False,14.6,True
002653,海思科,2012-01-17,SZ,主板,C 制造业,False,14.6,True
002654,万润科技,2012-02-17,SZ,主板,L 商务服务,False,14.6,True
002655,共达电声,2012-02-17,SZ,主板,C 制造业,False,14.6,True
002656,摩登大道,2012-02-28,SZ,主板,C 制造业,False,14.5,True
002657,中科金财,2012-02-28,SZ,主板,I 信息技术,False,14.5,True
002658,雪迪龙,2012-03-09,SZ,主板,C 制造业,False,14.5,True
002659,凯文教育,2012-03-09,SZ,主板,P 教育,False,14.5,True
002660,茂硕电源,2012-03-16,SZ,主板,C 制造业,False,14.5,True
002661,克明食品,2012-03-16,SZ,主板,C 制造业,False,14.5,True
002662,峰璟股份,2012-03-09,SZ,主板,C 制造业,False,14.5,True
002663,普邦股份,2012-03-16,SZ,主板,E 建筑业,False,14.5,True
002664,信质集团,2012-03-16,SZ,主板,C 制造业,False,14.5,True
002666,德联集团,2012-03-27,SZ,主板,C 制造业,False,14.4,True
002667,*ST威领,2012-03-29,SZ,主板,C 制造业,True,14.4,True
002668,TCL智家,2012-04-16,SZ,主板,C 制造业,False,14.4,True
002669,康达新材,2012-04-16,SZ,主板,C 制造业,False,14.4,True
002670,国盛证券,2012-04-16,SZ,主板,J 金融业,False,14.4,True
002671,龙泉股份,2012-04-26,SZ,主板,C 制造业,False,14.4,True
002672,东江环保,2012-04-26,SZ,主板,C 制造业,False,14.4,True
002673,西部证券,2012-05-03,SZ,主板,J 金融业,False,14.3,True
002674,兴业科技,2012-05-07,SZ,主板,C 制造业,False,14.3,True
002675,东诚药业,2012-05-25,SZ,主板,C 制造业,False,14.3,True
002676,顺威股份,2012-05-25,SZ,主板,C 制造业,False,14.3,True
002677,浙江美大,2012-05-25,SZ,主板,C 制造业,False,14.3,True
002678,珠江钢琴,2012-05-30,SZ,主板,C 制造业,False,14.3,True
002679,福建金森,2012-06-05,SZ,主板,A 农林牧渔,False,14.3,True
002681,奋达科技,2012-06-05,SZ,主板,C 制造业,False,14.3,True
002682,龙洲股份,2012-06-12,SZ,主板,G 运输仓储,False,14.2,True
002683,广东宏大,2012-06-12,SZ,主板,B 采矿业,False,14.2,True
002685,华东重机,2012-06-12,SZ,主板,C 制造业,False,14.2,True
002686,亿利达,2012-07-03,SZ,主板,C 制造业,False,14.2,True
002687,乔治白,2012-07-13,SZ,主板,C 制造业,False,14.1,True
002688,金河生物,2012-07-13,SZ,主板,C 制造业,False,14.1,True
002689,ST远智,2012-07-17,SZ,主板,C 制造业,True,14.1,True
002690,美亚光电,2012-07-31,SZ,主板,C 制造业,False,14.1,True
002691,*ST冀凯,2012-07-31,SZ,主板,C 制造业,True,14.1,True
002692,远程股份,2012-08-08,SZ,主板,C 制造业,False,14.1,True
002693,双成药业,2012-08-08,SZ,主板,C 制造业,False,14.1,True
002694,*ST顾地,2012-08-16,SZ,主板,C 制造业,True,14.1,True
002695,煌上煌,2012-09-05,SZ,主板,C 制造业,False,14.0,True
002696,百洋股份,2012-09-05,SZ,主板,C 制造业,False,14.0,True
002697,红旗连锁,2012-09-05,SZ,主板,F 批发零售,False,14.0,True
002698,博实股份,2012-09-11,SZ,主板,C 制造业,False,14.0,True
002700,万憬能源,2012-09-21,SZ,主板,D 水电煤气,False,14.0,True
002701,奥瑞金,2012-10-11,SZ,主板,C 制造业,False,13.9,True
002702,海欣食品,2012-10-11,SZ,主板,C 制造业,False,13.9,True
002703,浙江世宝,2012-11-02,SZ,主板,C 制造业,False,13.8,True
002705,新宝股份,2014-01-21,SZ,主板,C 制造业,False,12.6,True
002706,良信股份,2014-01-21,SZ,主板,C 制造业,False,12.6,True
002707,众信旅游,2014-01-23,SZ,主板,L 商务服务,False,12.6,True
002708,光洋股份,2014-01-21,SZ,主板,C 制造业,False,12.6,True
002709,天赐材料,2014-01-23,SZ,主板,C 制造业,False,12.6,True
002712,思美传媒,2014-01-23,SZ,主板,L 商务服务,False,12.6,True
002713,东易日盛,2014-02-19,SZ,主板,E 建筑业,False,12.5,True
002714,牧原股份,2014-01-28,SZ,主板,A 农林牧渔,False,12.6,True
002715,登云股份,2014-02-19,SZ,主板,C 制造业,False,12.5,True
002716,湖南白银,2014-01-28,SZ,主板,C 制造业,False,12.6,True
002717,*ST岭南,2014-02-19,SZ,主板,N 公共环保,True,12.5,True
002718,友邦吊顶,2014-01-28,SZ,主板,C 制造业,False,12.6,True
002719,ST麦趣,2014-01-28,SZ,主板,C 制造业,True,12.6,True
002721,金一文化,2014-01-27,SZ,主板,C 制造业,False,12.6,True
002722,物产金轮,2014-01-28,SZ,主板,C 制造业,False,12.6,True
002723,小崧股份,2014-01-29,SZ,主板,C 制造业,False,12.6,True
002724,海洋王,2014-11-04,SZ,主板,C 制造业,False,11.8,True
002725,跃岭股份,2014-01-29,SZ,主板,C 制造业,False,12.6,True
002726,ST龙大,2014-06-26,SZ,主板,C 制造业,True,12.2,True
002727,一心堂,2014-07-02,SZ,主板,F 批发零售,False,12.2,True
002728,特一药业,2014-07-31,SZ,主板,C 制造业,False,12.1,True
002729,好利科技,2014-09-12,SZ,主板,C 制造业,False,12.0,True
002730,电光科技,2014-10-09,SZ,主板,C 制造业,False,11.9,True
002731,*ST萃华,2014-11-04,SZ,主板,C 制造业,True,11.8,True
002732,燕塘乳业,2014-12-05,SZ,主板,C 制造业,False,11.8,True
002733,雄韬股份,2014-12-03,SZ,主板,C 制造业,False,11.8,True
002734,利民股份,2015-01-27,SZ,主板,C 制造业,False,11.6,True
002735,王子新材,2014-12-03,SZ,主板,C 制造业,False,11.8,True
002736,国信证券,2014-12-29,SZ,主板,J 金融业,False,11.7,True
002737,葵花药业,2014-12-30,SZ,主板,C 制造业,False,11.7,True
002738,中矿资源,2014-12-30,SZ,主板,C 制造业,False,11.7,True
002739,儒意电影,2015-01-22,SZ,主板,R 文化传播,False,11.6,True
002741,光华科技,2015-02-16,SZ,主板,C 制造业,False,11.6,True
002742,冀衡医药,2015-02-17,SZ,主板,C 制造业,False,11.6,True
002743,富煌钢构,2015-02-17,SZ,主板,C 制造业,False,11.6,True
002745,木林森,2015-02-17,SZ,主板,C 制造业,False,11.6,True
002746,仙坛股份,2015-02-16,SZ,主板,C 制造业,False,11.6,True
002747,埃斯顿,2015-03-20,SZ,主板,C 制造业,False,11.5,True
002748,世龙实业,2015-03-19,SZ,主板,C 制造业,False,11.5,True
002749,国光股份,2015-03-20,SZ,主板,C 制造业,False,11.5,True
002752,昇兴股份,2015-04-22,SZ,主板,C 制造业,False,11.4,True
002753,永东股份,2015-05-19,SZ,主板,C 制造业,False,11.3,True
002755,奥赛康,2015-05-15,SZ,主板,C 制造业,False,11.3,True
002756,永兴材料,2015-05-15,SZ,主板,C 制造业,False,11.3,True
002757,南兴股份,2015-05-27,SZ,主板,C 制造业,False,11.3,True
002758,浙农股份,2015-05-27,SZ,主板,F 批发零售,False,11.3,True
002759,ST天际,2015-05-28,SZ,主板,C 制造业,True,11.3,True
002760,凤形股份,2015-06-11,SZ,主板,C 制造业,False,11.2,True
002761,浙江建投,2015-06-10,SZ,主板,E 建筑业,False,11.2,True
002762,金发拉比,2015-06-10,SZ,主板,C 制造业,False,11.2,True
002763,汇洁股份,2015-06-10,SZ,主板,C 制造业,False,11.2,True
002765,蓝黛科技,2015-06-12,SZ,主板,C 制造业,False,11.2,True
002766,索菱股份,2015-06-11,SZ,主板,C 制造业,False,11.2,True
002767,先锋电子,2015-06-12,SZ,主板,C 制造业,False,11.2,True
002768,国恩股份,2015-06-30,SZ,主板,C 制造业,False,11.2,True
002769,普路通,2015-06-29,SZ,主板,L 商务服务,False,11.2,True
002771,真视通,2015-06-29,SZ,主板,I 信息技术,False,11.2,True
002772,众兴菌业,2015-06-26,SZ,主板,A 农林牧渔,False,11.2,True
002773,康弘药业,2015-06-26,SZ,主板,C 制造业,False,11.2,True
002775,文科股份,2015-06-29,SZ,主板,E 建筑业,False,11.2,True
002777,久远银海,2015-12-31,SZ,主板,I 信息技术,False,10.7,True
002778,中晟高科,2016-01-06,SZ,主板,C 制造业,False,10.7,True
002779,中坚科技,2015-12-09,SZ,主板,C 制造业,False,10.7,True
002780,三夫户外,2015-12-09,SZ,主板,F 批发零售,False,10.7,True
002782,可立克,2015-12-22,SZ,主板,C 制造业,False,10.7,True
002783,凯龙股份,2015-12-09,SZ,主板,C 制造业,False,10.7,True
002785,万里石,2015-12-23,SZ,主板,C 制造业,False,10.7,True
002786,银宝山新,2015-12-23,SZ,主板,C 制造业,False,10.7,True
002787,华源控股,2015-12-31,SZ,主板,C 制造业,False,10.7,True
002788,鹭燕医药,2016-02-18,SZ,主板,F 批发零售,False,10.5,True
002789,*ST建艺,2016-03-11,SZ,主板,E 建筑业,True,10.5,True
002790,瑞尔特,2016-03-08,SZ,主板,C 制造业,False,10.5,True
002791,坚朗五金,2016-03-29,SZ,主板,C 制造业,False,10.4,True
002792,通宇通讯,2016-03-28,SZ,主板,C 制造业,False,10.4,True
002793,罗欣药业,2016-04-15,SZ,主板,C 制造业,False,10.4,True
002795,永和智控,2016-04-28,SZ,主板,C 制造业,False,10.4,True
002796,世嘉科技,2016-05-10,SZ,主板,C 制造业,False,10.3,True
002797,第一创业,2016-05-11,SZ,主板,J 金融业,False,10.3,True
002798,帝欧水华,2016-05-25,SZ,主板,C 制造业,False,10.3,True
002799,环球印务,2016-06-08,SZ,主板,C 制造业,False,10.2,True
002800,天顺股份,2016-05-30,SZ,主板,G 运输仓储,False,10.3,True
002801,微光股份,2016-06-22,SZ,主板,C 制造业,False,10.2,True
002802,洪汇新材,2016-06-29,SZ,主板,C 制造业,False,10.2,True
002803,吉宏股份,2016-07-12,SZ,主板,F 批发零售,False,10.2,True
002805,丰元股份,2016-07-07,SZ,主板,C 制造业,False,10.2,True
002806,华锋股份,2016-07-26,SZ,主板,C 制造业,False,10.1,True
002807,江阴银行,2016-09-02,SZ,主板,J 金融业,False,10.0,True
002809,红墙股份,2016-08-23,SZ,主板,C 制造业,False,10.0,True
002810,山东赫达,2016-08-26,SZ,主板,C 制造业,False,10.0,True
300001,特锐德,2009-10-30,SZ,创业板,C 制造业,False,16.9,True
300002,神州泰岳,2009-10-30,SZ,创业板,I 信息技术,False,16.9,True
300003,乐普医疗,2009-10-30,SZ,创业板,C 制造业,False,16.9,True
300004,南风股份,2009-10-30,SZ,创业板,C 制造业,False,16.9,True
300005,探路者,2009-10-30,SZ,创业板,C 制造业,False,16.9,True
300006,莱美药业,2009-10-30,SZ,创业板,C 制造业,False,16.9,True
300007,汉威科技,2009-10-30,SZ,创业板,I 信息技术,False,16.9,True
300008,天海防务,2009-10-30,SZ,创业板,C 制造业,False,16.9,True
300009,安科生物,2009-10-30,SZ,创业板,C 制造业,False,16.9,True
300010,ST豆神,2009-10-30,SZ,创业板,I 信息技术,True,16.9,True
300011,鼎汉技术,2009-10-30,SZ,创业板,C 制造业,False,16.9,True
300012,华测检测,2009-10-30,SZ,创业板,M 科研服务,False,16.9,True
300013,新宁物流,2009-10-30,SZ,创业板,G 运输仓储,False,16.9,True
300014,亿纬锂能,2009-10-30,SZ,创业板,C 制造业,False,16.9,True
300015,爱尔眼科,2009-10-30,SZ,创业板,Q 卫生,False,16.9,True
300016,北陆药业,2009-10-30,SZ,创业板,C 制造业,False,16.9,True
300017,网宿科技,2009-10-30,SZ,创业板,I 信息技术,False,16.9,True
300018,中元股份,2009-10-30,SZ,创业板,C 制造业,False,16.9,True
300019,硅宝科技,2009-10-30,SZ,创业板,C 制造业,False,16.9,True
300020,ST银江,2009-10-30,SZ,创业板,I 信息技术,True,16.9,True
300021,大禹节水,2009-10-30,SZ,创业板,N 公共环保,False,16.9,True
300022,吉峰科技,2009-10-30,SZ,创业板,F 批发零售,False,16.9,True
300024,机器人,2009-10-30,SZ,创业板,C 制造业,False,16.9,True
300025,华星创业,2009-10-30,SZ,创业板,I 信息技术,False,16.9,True
300026,红日药业,2009-10-30,SZ,创业板,C 制造业,False,16.9,True
300027,ST华谊,2009-10-30,SZ,创业板,R 文化传播,True,16.9,True
300030,阳普医疗,2009-12-25,SZ,创业板,C 制造业,False,16.7,True
300031,宝通科技,2009-12-25,SZ,创业板,I 信息技术,False,16.7,True
300032,金龙机电,2009-12-25,SZ,创业板,C 制造业,False,16.7,True
300033,同花顺,2009-12-25,SZ,创业板,J 金融业,False,16.7,True
300034,钢研高纳,2009-12-25,SZ,创业板,C 制造业,False,16.7,True
300035,中科电气,2009-12-25,SZ,创业板,C 制造业,False,16.7,True
300036,超图软件,2009-12-25,SZ,创业板,I 信息技术,False,16.7,True
300037,新宙邦,2010-01-08,SZ,创业板,C 制造业,False,16.7,True
300039,上海凯宝,2010-01-08,SZ,创业板,C 制造业,False,16.7,True
300040,九洲集团,2010-01-08,SZ,创业板,D 水电煤气,False,16.7,True
300041,回天新材,2010-01-08,SZ,创业板,C 制造业,False,16.7,True
300042,朗科科技,2010-01-08,SZ,创业板,C 制造业,False,16.7,True
300043,星辉娱乐,2010-01-20,SZ,创业板,I 信息技术,False,16.6,True
300044,*ST赛为,2010-01-20,SZ,创业板,I 信息技术,True,16.6,True
300045,华力创通,2010-01-20,SZ,创业板,C 制造业,False,16.6,True
300046,台基股份,2010-01-20,SZ,创业板,C 制造业,False,16.6,True
300047,天源迪科,2010-01-20,SZ,创业板,I 信息技术,False,16.6,True
300048,合康新能,2010-01-20,SZ,创业板,C 制造业,False,16.6,True
300049,福瑞医科,2010-01-20,SZ,创业板,C 制造业,False,16.6,True
300050,世纪鼎利,2010-01-20,SZ,创业板,I 信息技术,False,16.6,True
300051,琏升科技,2010-02-11,SZ,创业板,I 信息技术,False,16.6,True
300052,中青宝,2010-02-11,SZ,创业板,I 信息技术,False,16.6,True
300053,航宇微,2010-02-11,SZ,创业板,C 制造业,False,16.6,True
300054,鼎龙股份,2010-02-11,SZ,创业板,C 制造业,False,16.6,True
300055,万邦达,2010-02-26,SZ,创业板,C 制造业,False,16.5,True
300056,中创环保,2010-02-26,SZ,创业板,C 制造业,False,16.5,True
300057,万顺新材,2010-02-26,SZ,创业板,C 制造业,False,16.5,True
300058,蓝色光标,2010-02-26,SZ,创业板,L 商务服务,False,16.5,True
300059,东方财富,2010-03-19,SZ,创业板,J 金融业,False,16.5,True
300061,旗天科技,2010-03-19,SZ,创业板,L 商务服务,False,16.5,True
300062,中能电气,2010-03-19,SZ,创业板,C 制造业,False,16.5,True
300063,天龙集团,2010-03-26,SZ,创业板,L 商务服务,False,16.4,True
300065,海兰信,2010-03-26,SZ,创业板,C 制造业,False,16.4,True
300066,三川智慧,2010-03-26,SZ,创业板,C 制造业,False,16.4,True
300067,安诺其,2010-04-21,SZ,创业板,C 制造业,False,16.4,True
300068,ST南都,2010-04-21,SZ,创业板,C 制造业,True,16.4,True
300069,金利华电,2010-04-21,SZ,创业板,C 制造业,False,16.4,True
300070,碧水源,2010-04-21,SZ,创业板,N 公共环保,False,16.4,True
300071,福石控股,2010-04-21,SZ,创业板,L 商务服务,False,16.4,True
300072,海新能科,2010-04-27,SZ,创业板,C 制造业,False,16.4,True
300073,当升科技,2010-04-27,SZ,创业板,C 制造业,False,16.4,True
300074,华平股份,2010-04-27,SZ,创业板,I 信息技术,False,16.4,True
300075,数字政通,2010-04-27,SZ,创业板,I 信息技术,False,16.4,True
300076,*ST宁视,2010-04-30,SZ,创业板,C 制造业,True,16.4,True
300077,国民技术,2010-04-30,SZ,创业板,C 制造业,False,16.4,True
300078,思创智联,2010-04-30,SZ,创业板,C 制造业,False,16.4,True
300079,数码视讯,2010-04-30,SZ,创业板,C 制造业,False,16.4,True
300080,易成新能,2010-06-25,SZ,创业板,C 制造业,False,16.2,True
300081,ST恒信,2010-05-20,SZ,创业板,I 信息技术,True,16.3,True
300082,奥克股份,2010-05-20,SZ,创业板,C 制造业,False,16.3,True
300083,创世纪,2010-05-20,SZ,创业板,C 制造业,False,16.3,True
300084,海默科技,2010-05-20,SZ,创业板,B 采矿业,False,16.3,True
300085,银之杰,2010-05-26,SZ,创业板,I 信息技术,False,16.3,True
300086,康芝药业,2010-05-26,SZ,创业板,C 制造业,False,16.3,True
300087,ST荃银,2010-05-26,SZ,创业板,A 农林牧渔,True,16.3,True
300088,长信科技,2010-05-26,SZ,创业板,C 制造业,False,16.3,True
300091,*ST金灵,2010-06-25,SZ,创业板,C 制造业,True,16.2,True
300092,科新机电,2010-07-08,SZ,创业板,C 制造业,False,16.2,True
300093,金刚光伏,2010-07-08,SZ,创业板,C 制造业,False,16.2,True
300094,国联水产,2010-07-08,SZ,创业板,C 制造业,False,16.2,True
300095,华伍股份,2010-07-28,SZ,创业板,C 制造业,False,16.1,True
300096,ST易联众,2010-07-28,SZ,创业板,I 信息技术,True,16.1,True
300097,智云股份,2010-07-28,SZ,创业板,C 制造业,False,16.1,True
300098,高新兴,2010-07-28,SZ,创业板,I 信息技术,False,16.1,True
300099,尤洛卡,2010-08-06,SZ,创业板,C 制造业,False,16.1,True
300100,双林股份,2010-08-06,SZ,创业板,C 制造业,False,16.1,True
300101,振芯科技,2010-08-06,SZ,创业板,I 信息技术,False,16.1,True
300102,乾照光电,2010-08-12,SZ,创业板,C 制造业,False,16.1,True
300103,达刚控股,2010-08-12,SZ,创业板,C 制造业,False,16.1,True
300105,龙源技术,2010-08-20,SZ,创业板,C 制造业,False,16.0,True
300106,西部牧业,2010-08-20,SZ,创业板,C 制造业,False,16.0,True
300107,建新股份,2010-08-20,SZ,创业板,C 制造业,False,16.0,True
300109,新开源,2010-08-25,SZ,创业板,C 制造业,False,16.0,True
300110,华仁药业,2010-08-25,SZ,创业板,C 制造业,False,16.0,True
300111,向日葵,2010-08-27,SZ,创业板,C 制造业,False,16.0,True
300112,万讯自控,2010-08-27,SZ,创业板,C 制造业,False,16.0,True
300113,顺网科技,2010-08-27,SZ,创业板,I 信息技术,False,16.0,True
300115,长盈精密,2010-09-02,SZ,创业板,C 制造业,False,16.0,True
300118,东方日升,2010-09-02,SZ,创业板,C 制造业,False,16.0,True
300119,瑞普生物,2010-09-17,SZ,创业板,C 制造业,False,16.0,True
300120,经纬辉开,2010-09-17,SZ,创业板,C 制造业,False,16.0,True
300121,阳谷华泰,2010-09-17,SZ,创业板,C 制造业,False,16.0,True
300122,智飞生物,2010-09-28,SZ,创业板,C 制造业,False,15.9,True
300123,ST亚光,2010-09-28,SZ,创业板,C 制造业,True,15.9,True
300124,汇川技术,2010-09-28,SZ,创业板,C 制造业,False,15.9,True
300125,聆达股份,2010-10-13,SZ,创业板,C 制造业,False,15.9,True
300126,锐奇股份,2010-10-13,SZ,创业板,C 制造业,False,15.9,True
300127,银河磁体,2010-10-13,SZ,创业板,C 制造业,False,15.9,True
300128,锦富技术,2010-10-13,SZ,创业板,C 制造业,False,15.9,True
300129,泰胜风能,2010-10-19,SZ,创业板,C 制造业,False,15.9,True
300130,新国都,2010-10-19,SZ,创业板,C 制造业,False,15.9,True
300131,英唐智控,2010-10-19,SZ,创业板,F 批发零售,False,15.9,True
300132,诺斯贝尔,2010-10-26,SZ,创业板,C 制造业,False,15.9,True
300133,华策影视,2010-10-26,SZ,创业板,R 文化传播,False,15.9,True
300134,大富科技,2010-10-26,SZ,创业板,C 制造业,False,15.9,True
300135,宝利国际,2010-10-26,SZ,创业板,C 制造业,False,15.9,True
300136,信维通信,2010-11-05,SZ,创业板,C 制造业,False,15.8,True
300137,先河环保,2010-11-05,SZ,创业板,C 制造业,False,15.8,True
300138,晨光生物,2010-11-05,SZ,创业板,C 制造业,False,15.8,True
300139,晓程科技,2010-11-12,SZ,创业板,B 采矿业,False,15.8,True
300140,节能环境,2010-11-12,SZ,创业板,N 公共环保,False,15.8,True
300141,和顺电气,2010-11-12,SZ,创业板,C 制造业,False,15.8,True
300142,沃森生物,2010-11-12,SZ,创业板,C 制造业,False,15.8,True
300143,盈康生命,2010-12-09,SZ,创业板,Q 卫生,False,15.7,True
300144,宋城演艺,2010-12-09,SZ,创业板,R 文化传播,False,15.7,True
300145,南方泵业,2010-12-09,SZ,创业板,C 制造业,False,15.7,True
300146,汤臣倍健,2010-12-15,SZ,创业板,C 制造业,False,15.7,True
300147,*ST香雪,2010-12-15,SZ,创业板,C 制造业,True,15.7,True
300148,天舟文化,2010-12-15,SZ,创业板,R 文化传播,False,15.7,True
300149,睿智医药,2010-12-22,SZ,创业板,M 科研服务,False,15.7,True
300150,世纪瑞尔,2010-12-22,SZ,创业板,I 信息技术,False,15.7,True
300151,昌红科技,2010-12-22,SZ,创业板,C 制造业,False,15.7,True
300152,*ST动力,2010-12-29,SZ,创业板,C 制造业,True,15.7,True
300153,科泰电源,2010-12-29,SZ,创业板,C 制造业,False,15.7,True
300154,瑞凌股份,2010-12-29,SZ,创业板,C 制造业,False,15.7,True
300155,安居宝,2011-01-07,SZ,创业板,C 制造业,False,15.7,True
300157,新锦动力,2011-01-07,SZ,创业板,C 制造业,False,15.7,True
300158,振东制药,2011-01-07,SZ,创业板,C 制造业,False,15.7,True
300159,新研股份,2011-01-07,SZ,创业板,C 制造业,False,15.7,True
300160,秀强股份,2011-01-13,SZ,创业板,C 制造业,False,15.6,True
300161,华中数控,2011-01-13,SZ,创业板,C 制造业,False,15.6,True
300162,雷曼光电,2011-01-13,SZ,创业板,C 制造业,False,15.6,True
300163,先锋新材,2011-01-13,SZ,创业板,C 制造业,False,15.6,True
300164,通源石油,2011-01-13,SZ,创业板,B 采矿业,False,15.6,True
300165,天瑞仪器,2011-01-25,SZ,创业板,C 制造业,False,15.6,True
300166,东方国信,2011-01-25,SZ,创业板,I 信息技术,False,15.6,True
300167,ST迪威迅,2011-01-25,SZ,创业板,I 信息技术,True,15.6,True
300168,万达信息,2011-01-25,SZ,创业板,I 信息技术,False,15.6,True
300169,天晟新材,2011-01-25,SZ,创业板,C 制造业,False,15.6,True
300170,汉得信息,2011-02-01,SZ,创业板,I 信息技术,False,15.6,True
300171,东富龙,2011-02-01,SZ,创业板,C 制造业,False,15.6,True
300172,中电环保,2011-02-01,SZ,创业板,D 水电煤气,False,15.6,True
300173,ST福能,2011-02-01,SZ,创业板,C 制造业,True,15.6,True
300174,元力股份,2011-02-01,SZ,创业板,C 制造业,False,15.6,True
300175,朗源股份,2011-02-15,SZ,创业板,C 制造业,False,15.6,True
300176,鸿特科技,2011-02-15,SZ,创业板,C 制造业,False,15.6,True
300177,中海达,2011-02-15,SZ,创业板,C 制造业,False,15.6,True
300179,四方达,2011-02-15,SZ,创业板,C 制造业,False,15.6,True
300180,华峰超纤,2011-02-22,SZ,创业板,C 制造业,False,15.5,True
300181,佐力药业,2011-02-22,SZ,创业板,C 制造业,False,15.5,True
300182,捷成股份,2011-02-22,SZ,创业板,R 文化传播,False,15.5,True
300183,东软载波,2011-02-22,SZ,创业板,C 制造业,False,15.5,True
300184,力源信息,2011-02-22,SZ,创业板,F 批发零售,False,15.5,True
300185,通裕重工,2011-03-08,SZ,创业板,C 制造业,False,15.5,True
300187,永清环保,2011-03-08,SZ,创业板,N 公共环保,False,15.5,True
300188,国投智能,2011-03-16,SZ,创业板,I 信息技术,False,15.5,True
300189,神农种业,2011-03-16,SZ,创业板,A 农林牧渔,False,15.5,True
300190,维尔利,2011-03-16,SZ,创业板,N 公共环保,False,15.5,True
300191,潜能恒信,2011-03-16,SZ,创业板,B 采矿业,False,15.5,True
300192,科德教育,2011-03-22,SZ,创业板,P 教育,False,15.5,True
300193,佳士科技,2011-03-22,SZ,创业板,C 制造业,False,15.5,True
300194,福安药业,2011-03-22,SZ,创业板,C 制造业,False,15.5,True
300195,长荣股份,2011-03-29,SZ,创业板,C 制造业,False,15.4,True
300196,长海股份,2011-03-29,SZ,创业板,C 制造业,False,15.4,True
300197,节能铁汉,2011-03-29,SZ,创业板,N 公共环保,False,15.4,True
300198,*ST纳川,2011-04-07,SZ,创业板,C 制造业,True,15.4,True
300199,翰宇药业,2011-04-07,SZ,创业板,C 制造业,False,15.4,True
300200,高盟新材,2011-04-07,SZ,创业板,C 制造业,False,15.4,True
300201,海伦哲,2011-04-07,SZ,创业板,C 制造业,False,15.4,True
300203,聚光科技,2011-04-15,SZ,创业板,C 制造业,False,15.4,True
300204,舒泰神,2011-04-15,SZ,创业板,C 制造业,False,15.4,True
300205,*ST天喻,2011-04-21,SZ,创业板,C 制造业,True,15.4,True
300206,理邦仪器,2011-04-21,SZ,创业板,C 制造业,False,15.4,True
300207,欣旺达,2011-04-21,SZ,创业板,C 制造业,False,15.4,True
300209,行云科技,2011-04-26,SZ,创业板,F 批发零售,False,15.4,True
300210,森远股份,2011-04-26,SZ,创业板,C 制造业,False,15.4,True
300211,*ST亿通,2011-05-05,SZ,创业板,C 制造业,True,15.3,True
300212,*ST易录,2011-05-05,SZ,创业板,I 信息技术,True,15.3,True
300213,佳讯飞鸿,2011-05-05,SZ,创业板,C 制造业,False,15.3,True
300214,日科化学,2011-05-11,SZ,创业板,C 制造业,False,15.3,True
300215,电科院,2011-05-11,SZ,创业板,M 科研服务,False,15.3,True
300217,东方电热,2011-05-18,SZ,创业板,C 制造业,False,15.3,True
300218,安利股份,2011-05-18,SZ,创业板,C 制造业,False,15.3,True
300219,鸿利智汇,2011-05-18,SZ,创业板,C 制造业,False,15.3,True
300220,金运激光,2011-05-25,SZ,创业板,C 制造业,False,15.3,True
300221,银禧科技,2011-05-25,SZ,创业板,C 制造业,False,15.3,True
300222,科大智能,2011-05-25,SZ,创业板,C 制造业,False,15.3,True
300223,君正股份,2011-05-31,SZ,创业板,C 制造业,False,15.3,True
300224,正海磁材,2011-05-31,SZ,创业板,C 制造业,False,15.3,True
300225,金力泰,2011-05-31,SZ,创业板,C 制造业,False,15.3,True
300226,上海钢联,2011-06-08,SZ,创业板,L 商务服务,False,15.2,True
300227,光韵达,2011-06-08,SZ,创业板,C 制造业,False,15.2,True
300228,富瑞特装,2011-06-08,SZ,创业板,C 制造业,False,15.2,True
300229,拓尔思,2011-06-15,SZ,创业板,I 信息技术,False,15.2,True
300230,永利股份,2011-06-15,SZ,创业板,C 制造业,False,15.2,True
300231,银信科技,2011-06-15,SZ,创业板,I 信息技术,False,15.2,True
300232,洲明科技,2011-06-22,SZ,创业板,C 制造业,False,15.2,True
300233,金城医药,2011-06-22,SZ,创业板,C 制造业,False,15.2,True
300234,开尔新材,2011-06-22,SZ,创业板,C 制造业,False,15.2,True
300235,方直科技,2011-06-29,SZ,创业板,I 信息技术,False,15.2,True
300236,上海新阳,2011-06-29,SZ,创业板,C 制造业,False,15.2,True
300237,ST美晨,2011-06-29,SZ,创业板,C 制造业,True,15.2,True
300238,冠昊生物,2011-07-06,SZ,创业板,C 制造业,False,15.2,True
300239,东宝生物,2011-07-06,SZ,创业板,C 制造业,False,15.2,True
300240,飞力达,2011-07-06,SZ,创业板,G 运输仓储,False,15.2,True
300241,瑞丰光电,2011-07-12,SZ,创业板,C 制造业,False,15.2,True
300242,佳云科技,2011-07-12,SZ,创业板,L 商务服务,False,15.2,True
300243,瑞丰高材,2011-07-12,SZ,创业板,C 制造业,False,15.2,True
300244,迪安诊断,2011-07-19,SZ,创业板,Q 卫生,False,15.1,True
300245,ST天玑,2011-07-19,SZ,创业板,I 信息技术,True,15.1,True
300246,宝莱特,2011-07-19,SZ,创业板,C 制造业,False,15.1,True
300247,融捷健康,2011-07-29,SZ,创业板,C 制造业,False,15.1,True
300248,新开普,2011-07-29,SZ,创业板,I 信息技术,False,15.1,True
300249,依米康,2011-08-03,SZ,创业板,I 信息技术,False,15.1,True
300250,初灵信息,2011-08-03,SZ,创业板,I 信息技术,False,15.1,True
300251,光线传媒,2011-08-03,SZ,创业板,R 文化传播,False,15.1,True
300252,金信诺,2011-08-18,SZ,创业板,C 制造业,False,15.1,True
300253,卫宁健康,2011-08-18,SZ,创业板,I 信息技术,False,15.1,True
300254,仟源医药,2011-08-19,SZ,创业板,C 制造业,False,15.0,True
300255,常山药业,2011-08-19,SZ,创业板,C 制造业,False,15.0,True
300256,星星科技,2011-08-19,SZ,创业板,C 制造业,False,15.0,True
300257,开山股份,2011-08-19,SZ,创业板,C 制造业,False,15.0,True
300258,精锻科技,2011-08-26,SZ,创业板,C 制造业,False,15.0,True
300259,新天科技,2011-08-31,SZ,创业板,C 制造业,False,15.0,True
300260,新莱应材,2011-09-06,SZ,创业板,C 制造业,False,15.0,True
300261,雅本化学,2011-09-06,SZ,创业板,C 制造业,False,15.0,True
300263,隆华科技,2011-09-16,SZ,创业板,C 制造业,False,15.0,True
300264,佳创视讯,2011-09-16,SZ,创业板,I 信息技术,False,15.0,True
300265,通光线缆,2011-09-16,SZ,创业板,C 制造业,False,15.0,True
300266,兴源环境,2011-09-27,SZ,创业板,N 公共环保,False,14.9,True
300267,尔康制药,2011-09-27,SZ,创业板,C 制造业,False,14.9,True
300268,佳沃食品,2011-09-27,SZ,创业板,C 制造业,False,14.9,True
300269,联建光电,2011-10-12,SZ,创业板,C 制造业,False,14.9,True
300270,中威电子,2011-10-12,SZ,创业板,C 制造业,False,14.9,True
300271,华宇软件,2011-10-26,SZ,创业板,I 信息技术,False,14.9,True
300272,开能健康,2011-11-02,SZ,创业板,C 制造业,False,14.8,True
300274,阳光电源,2011-11-02,SZ,创业板,C 制造业,False,14.8,True
300275,梅安森,2011-11-02,SZ,创业板,I 信息技术,False,14.8,True
300276,三丰智能,2011-11-15,SZ,创业板,C 制造业,False,14.8,True
300277,汽轮科技,2011-11-23,SZ,创业板,I 信息技术,False,14.8,True
300278,华昌达,2011-12-16,SZ,创业板,C 制造业,False,14.7,True
300279,和晶科技,2011-12-29,SZ,创业板,C 制造业,False,14.7,True
300281,金明精机,2011-12-29,SZ,创业板,C 制造业,False,14.7,True
300283,温州宏丰,2012-01-10,SZ,创业板,C 制造业,False,14.7,True
300284,苏交科,2012-01-10,SZ,创业板,M 科研服务,False,14.7,True
300285,国瓷材料,2012-01-13,SZ,创业板,C 制造业,False,14.6,True
300286,安科瑞,2012-01-13,SZ,创业板,C 制造业,False,14.6,True
300287,飞利信,2012-02-01,SZ,创业板,I 信息技术,False,14.6,True
300288,朗玛信息,2012-02-16,SZ,创业板,I 信息技术,False,14.6,True
300289,利德曼,2012-02-16,SZ,创业板,C 制造业,False,14.6,True
300290,ST荣科,2012-02-16,SZ,创业板,I 信息技术,True,14.6,True
300291,百纳千成,2012-02-09,SZ,创业板,R 文化传播,False,14.6,True
300292,吴通控股,2012-02-29,SZ,创业板,I 信息技术,False,14.5,True
300293,蓝英装备,2012-03-08,SZ,创业板,C 制造业,False,14.5,True
300294,博雅生物,2012-03-08,SZ,创业板,C 制造业,False,14.5,True
300295,*ST三六五,2012-03-15,SZ,创业板,I 信息技术,True,14.5,True
300296,利亚德,2012-03-15,SZ,创业板,C 制造业,False,14.5,True
300298,三诺生物,2012-03-19,SZ,创业板,C 制造业,False,14.5,True
300299,富春股份,2012-03-19,SZ,创业板,I 信息技术,False,14.5,True
300300,海峡创新,2012-03-19,SZ,创业板,I 信息技术,False,14.5,True
300301,ST长方,2012-03-21,SZ,创业板,C 制造业,True,14.5,True
300302,同有科技,2012-03-21,SZ,创业板,I 信息技术,False,14.5,True
300303,聚飞光电,2012-03-19,SZ,创业板,C 制造业,False,14.5,True
300304,云意电气,2012-03-21,SZ,创业板,C 制造业,False,14.5,True
300305,裕兴股份,2012-03-29,SZ,创业板,C 制造业,False,14.4,True
300306,远方信息,2012-03-29,SZ,创业板,C 制造业,False,14.4,True
300307,慈星股份,2012-03-29,SZ,创业板,C 制造业,False,14.4,True
300308,中际旭创,2012-04-10,SZ,创业板,C 制造业,False,14.4,True
300310,宜通世纪,2012-04-25,SZ,创业板,I 信息技术,False,14.4,True
300311,任子行,2012-04-25,SZ,创业板,I 信息技术,False,14.4,True
300313,天山生物,2012-04-25,SZ,创业板,A 农林牧渔,False,14.4,True
300314,戴维医疗,2012-05-08,SZ,创业板,C 制造业,False,14.3,True
300315,掌趣科技,2012-05-11,SZ,创业板,I 信息技术,False,14.3,True
300316,晶盛机电,2012-05-11,SZ,创业板,C 制造业,False,14.3,True
300317,珈伟新能,2012-05-11,SZ,创业板,C 制造业,False,14.3,True
300318,博晖创新,2012-05-23,SZ,创业板,C 制造业,False,14.3,True
300319,麦捷科技,2012-05-23,SZ,创业板,C 制造业,False,14.3,True
300320,海达股份,2012-06-01,SZ,创业板,C 制造业,False,14.3,True
300321,同大股份,2012-05-23,SZ,创业板,C 制造业,False,14.3,True
300322,硕贝德,2012-06-08,SZ,创业板,C 制造业,False,14.2,True
300323,华灿光电,2012-06-01,SZ,创业板,C 制造业,False,14.3,True
300324,旋极信息,2012-06-08,SZ,创业板,I 信息技术,False,14.2,True
300326,ST凯利,2012-06-13,SZ,创业板,C 制造业,True,14.2,True
300327,中颖电子,2012-06-13,SZ,创业板,C 制造业,False,14.2,True
300328,宜安科技,2012-06-19,SZ,创业板,C 制造业,False,14.2,True
300329,海伦钢琴,2012-06-19,SZ,创业板,C 制造业,False,14.2,True
300331,苏大维格,2012-06-28,SZ,创业板,C 制造业,False,14.2,True
300332,天壕能源,2012-06-28,SZ,创业板,D 水电煤气,False,14.2,True
300333,兆日科技,2012-06-28,SZ,创业板,I 信息技术,False,14.2,True
300334,津膜科技,2012-07-05,SZ,创业板,C 制造业,False,14.2,True
300335,迪森股份,2012-07-10,SZ,创业板,D 水电煤气,False,14.2,True
300337,银邦股份,2012-07-18,SZ,创业板,C 制造业,False,14.1,True
300338,*ST开元,2012-07-26,SZ,创业板,P 教育,True,14.1,True
300339,润和软件,2012-07-18,SZ,创业板,I 信息技术,False,14.1,True
300340,科恒股份,2012-07-26,SZ,创业板,C 制造业,False,14.1,True
300341,麦克奥迪,2012-07-26,SZ,创业板,C 制造业,False,14.1,True
300342,天银机电,2012-07-26,SZ,创业板,C 制造业,False,14.1,True
300343,联创股份,2012-08-01,SZ,创业板,C 制造业,False,14.1,True
300345,华民股份,2012-08-01,SZ,创业板,C 制造业,False,14.1,True
300346,南大光电,2012-08-07,SZ,创业板,C 制造业,False,14.1,True
300347,泰格医药,2012-08-17,SZ,创业板,M 科研服务,False,14.1,True
300348,长亮科技,2012-08-17,SZ,创业板,I 信息技术,False,14.1,True
300349,金卡智能,2012-08-17,SZ,创业板,I 信息技术,False,14.1,True
300350,华鹏飞,2012-08-21,SZ,创业板,G 运输仓储,False,14.0,True
300351,永贵电器,2012-09-20,SZ,创业板,C 制造业,False,14.0,True
300352,ST信源,2012-09-12,SZ,创业板,I 信息技术,True,14.0,True
300353,东土科技,2012-09-27,SZ,创业板,C 制造业,False,13.9,True
300354,东华测试,2012-09-20,SZ,创业板,C 制造业,False,14.0,True
300355,蒙草生态,2012-09-27,SZ,创业板,N 公共环保,False,13.9,True
300357,我武生物,2014-01-21,SZ,创业板,C 制造业,False,12.6,True
300358,楚天科技,2014-01-21,SZ,创业板,C 制造业,False,12.6,True
300359,全通教育,2014-01-21,SZ,创业板,P 教育,False,12.6,True
300360,炬华科技,2014-01-21,SZ,创业板,C 制造业,False,12.6,True
300363,博腾股份,2014-01-29,SZ,创业板,C 制造业,False,12.6,True
300364,中文在线,2015-01-21,SZ,创业板,R 文化传播,False,11.6,True
300365,恒华科技,2014-01-23,SZ,创业板,I 信息技术,False,12.6,True
300366,ST创意,2014-01-27,SZ,创业板,I 信息技术,True,12.6,True
300368,汇金股份,2014-01-23,SZ,创业板,I 信息技术,False,12.6,True
300369,绿盟科技,2014-01-29,SZ,创业板,I 信息技术,False,12.6,True
300370,安控科技,2014-01-23,SZ,创业板,C 制造业,False,12.6,True
300371,汇中股份,2014-01-23,SZ,创业板,C 制造业,False,12.6,True
300373,扬杰科技,2014-01-23,SZ,创业板,C 制造业,False,12.6,True
300374,中铁装配,2015-03-19,SZ,创业板,C 制造业,False,11.5,True
300375,鹏翎股份,2014-01-27,SZ,创业板,C 制造业,False,12.6,True
300376,易事特,2014-01-27,SZ,创业板,C 制造业,False,12.6,True
300377,赢时胜,2014-01-27,SZ,创业板,I 信息技术,False,12.6,True
300378,鼎捷数智,2014-01-27,SZ,创业板,I 信息技术,False,12.6,True
300380,安硕信息,2014-01-28,SZ,创业板,I 信息技术,False,12.6,True
300381,溢多利,2014-01-28,SZ,创业板,C 制造业,False,12.6,True
300382,斯莱克,2014-01-29,SZ,创业板,C 制造业,False,12.6,True
300383,光环新网,2014-01-29,SZ,创业板,I 信息技术,False,12.6,True
300384,三联虹普,2014-08-01,SZ,创业板,M 科研服务,False,12.1,True
300385,ST雪浪,2014-06-26,SZ,创业板,C 制造业,True,12.2,True
300386,飞天诚信,2014-06-26,SZ,创业板,I 信息技术,False,12.2,True
300387,富邦科技,2014-07-02,SZ,创业板,C 制造业,False,12.2,True
300388,节能国祯,2014-08-01,SZ,创业板,N 公共环保,False,12.1,True
300389,艾比森,2014-08-01,SZ,创业板,C 制造业,False,12.1,True
300390,天华新能,2014-07-31,SZ,创业板,C 制造业,False,12.1,True
300393,中来股份,2014-09-12,SZ,创业板,C 制造业,False,12.0,True
300394,天孚通信,2015-02-17,SZ,创业板,C 制造业,False,11.6,True
300395,菲利华,2014-09-10,SZ,创业板,C 制造业,False,12.0,True
300396,ST迪瑞,2014-09-10,SZ,创业板,C 制造业,True,12.0,True
300397,天和防务,2014-09-10,SZ,创业板,C 制造业,False,12.0,True
300398,飞凯材料,2014-10-09,SZ,创业板,C 制造业,False,11.9,True
300399,天利科技,2014-10-09,SZ,创业板,I 信息技术,False,11.9,True
300400,劲拓股份,2014-10-10,SZ,创业板,C 制造业,False,11.9,True
300401,花园生物,2014-10-09,SZ,创业板,C 制造业,False,11.9,True
300402,宝色股份,2014-10-10,SZ,创业板,C 制造业,False,11.9,True
300403,汉宇集团,2014-10-30,SZ,创业板,C 制造业,False,11.9,True
300404,博济医药,2015-04-24,SZ,创业板,M 科研服务,False,11.4,True
300405,科隆股份,2014-10-30,SZ,创业板,C 制造业,False,11.9,True
300406,九强生物,2014-10-30,SZ,创业板,C 制造业,False,11.9,True
300407,凯发电气,2014-12-03,SZ,创业板,C 制造业,False,11.8,True
300408,三环集团,2014-12-03,SZ,创业板,C 制造业,False,11.8,True
300409,道氏技术,2014-12-03,SZ,创业板,C 制造业,False,11.8,True
300410,正业科技,2014-12-31,SZ,创业板,C 制造业,False,11.7,True
300411,金盾股份,2014-12-31,SZ,创业板,C 制造业,False,11.7,True
300412,迦南科技,2014-12-31,SZ,创业板,C 制造业,False,11.7,True
300413,芒果超媒,2015-01-21,SZ,创业板,I 信息技术,False,11.6,True
300414,中光防雷,2015-05-13,SZ,创业板,C 制造业,False,11.3,True
300415,伊之密,2015-01-23,SZ,创业板,C 制造业,False,11.6,True
300416,苏试试验,2015-01-22,SZ,创业板,M 科研服务,False,11.6,True
300417,南华仪器,2015-01-23,SZ,创业板,C 制造业,False,11.6,True
300418,昆仑万维,2015-01-21,SZ,创业板,I 信息技术,False,11.6,True
300419,ST浩丰,2015-01-22,SZ,创业板,I 信息技术,True,11.6,True
300420,五洋自控,2015-02-17,SZ,创业板,C 制造业,False,11.6,True
300421,力星股份,2015-02-17,SZ,创业板,C 制造业,False,11.6,True
300422,博世科,2015-02-17,SZ,创业板,N 公共环保,False,11.6,True
300423,昇辉科技,2015-02-17,SZ,创业板,C 制造业,False,11.6,True
300424,航新科技,2015-04-22,SZ,创业板,C 制造业,False,11.4,True
300425,中建环能,2015-02-16,SZ,创业板,C 制造业,False,11.6,True
300426,华智数媒,2015-02-17,SZ,创业板,R 文化传播,False,11.6,True
300427,红相股份,2015-02-17,SZ,创业板,C 制造业,False,11.6,True
300428,立中集团,2015-03-19,SZ,创业板,C 制造业,False,11.5,True
300429,强力新材,2015-03-24,SZ,创业板,C 制造业,False,11.5,True
300430,*ST益通,2015-03-19,SZ,创业板,C 制造业,True,11.5,True
300432,富临精工,2015-03-19,SZ,创业板,C 制造业,False,11.5,True
300433,蓝思科技,2015-03-18,SZ,创业板,C 制造业,False,11.5,True
300434,金石亚药,2015-04-24,SZ,创业板,C 制造业,False,11.4,True
300435,中泰股份,2015-03-26,SZ,创业板,D 水电煤气,False,11.4,True
300436,广生堂,2015-04-22,SZ,创业板,C 制造业,False,11.4,True
300437,清水源,2015-04-23,SZ,创业板,C 制造业,False,11.4,True
300438,鹏辉能源,2015-04-24,SZ,创业板,C 制造业,False,11.4,True
300439,美康生物,2015-04-22,SZ,创业板,C 制造业,False,11.4,True
300440,运达科技,2015-04-23,SZ,创业板,I 信息技术,False,11.4,True
300441,鲍斯股份,2015-04-23,SZ,创业板,C 制造业,False,11.4,True
300442,润泽科技,2015-04-24,SZ,创业板,I 信息技术,False,11.4,True
300443,金雷股份,2015-04-22,SZ,创业板,C 制造业,False,11.4,True
300444,双杰电气,2015-04-23,SZ,创业板,C 制造业,False,11.4,True
300445,康斯特,2015-04-24,SZ,创业板,C 制造业,False,11.4,True
300446,航天智造,2015-04-23,SZ,创业板,C 制造业,False,11.4,True
300447,全信股份,2015-04-22,SZ,创业板,C 制造业,False,11.4,True
300448,浩云科技,2015-04-24,SZ,创业板,I 信息技术,False,11.4,True
300449,汉邦高科,2015-04-22,SZ,创业板,C 制造业,False,11.4,True
300450,先导智能,2015-05-18,SZ,创业板,C 制造业,False,11.3,True
300451,创业慧康,2015-05-14,SZ,创业板,I 信息技术,False,11.3,True
300452,山河药辅,2015-05-15,SZ,创业板,C 制造业,False,11.3,True
300453,三鑫医疗,2015-05-15,SZ,创业板,C 制造业,False,11.3,True
300455,航天智装,2015-05-15,SZ,创业板,C 制造业,False,11.3,True
300456,赛微电子,2015-05-14,SZ,创业板,C 制造业,False,11.3,True
300457,赢合科技,2015-05-14,SZ,创业板,C 制造业,False,11.3,True
300458,全志科技,2015-05-15,SZ,创业板,C 制造业,False,11.3,True
300459,汤姆猫,2015-05-15,SZ,创业板,I 信息技术,False,11.3,True
300460,ST惠伦,2015-05-15,SZ,创业板,C 制造业,True,11.3,True
300461,田中精机,2015-05-19,SZ,创业板,C 制造业,False,11.3,True
300462,ST华铭,2015-05-27,SZ,创业板,C 制造业,True,11.3,True
300463,迈克生物,2015-05-28,SZ,创业板,C 制造业,False,11.3,True
300464,星徽股份,2015-06-10,SZ,创业板,F 批发零售,False,11.2,True
300465,高伟达,2015-05-28,SZ,创业板,I 信息技术,False,11.3,True
300466,赛摩智能,2015-05-28,SZ,创业板,C 制造业,False,11.3,True
300467,迅游科技,2015-05-27,SZ,创业板,I 信息技术,False,11.3,True
300468,四方精创,2015-05-27,SZ,创业板,I 信息技术,False,11.3,True
300469,信息发展,2015-06-11,SZ,创业板,I 信息技术,False,11.2,True
300470,中密控股,2015-06-12,SZ,创业板,C 制造业,False,11.2,True
300471,厚普股份,2015-06-11,SZ,创业板,C 制造业,False,11.2,True
300472,ST新元,2015-06-11,SZ,创业板,C 制造业,True,11.2,True
300473,德尔股份,2015-06-12,SZ,创业板,C 制造业,False,11.2,True
300474,景嘉微,2016-03-31,SZ,创业板,C 制造业,False,10.4,True
300475,香农芯创,2015-06-10,SZ,创业板,F 批发零售,False,11.2,True
300476,胜宏科技,2015-06-11,SZ,创业板,C 制造业,False,11.2,True
300477,ST合纵,2015-06-10,SZ,创业板,C 制造业,True,11.2,True
300478,杭州高新,2015-06-10,SZ,创业板,C 制造业,False,11.2,True
300479,神思电子,2015-06-12,SZ,创业板,I 信息技术,False,11.2,True
300480,光力科技,2015-07-02,SZ,创业板,C 制造业,False,11.2,True
300481,濮阳惠成,2015-06-30,SZ,创业板,C 制造业,False,11.2,True
300482,万孚生物,2015-06-30,SZ,创业板,C 制造业,False,11.2,True
300483,首华燃气,2015-06-30,SZ,创业板,B 采矿业,False,11.2,True
300484,蓝海华腾,2016-03-22,SZ,创业板,C 制造业,False,10.5,True
300485,赛升药业,2015-06-26,SZ,创业板,C 制造业,False,11.2,True
300486,东杰智能,2015-06-30,SZ,创业板,C 制造业,False,11.2,True
300487,蓝晓科技,2015-07-02,SZ,创业板,C 制造业,False,11.2,True
300488,恒锋工具,2015-07-01,SZ,创业板,C 制造业,False,11.2,True
300489,光智科技,2015-07-01,SZ,创业板,C 制造业,False,11.2,True
300490,华自科技,2015-12-31,SZ,创业板,C 制造业,False,10.7,True
300491,通合科技,2015-12-31,SZ,创业板,C 制造业,False,10.7,True
300492,华图山鼎,2015-12-23,SZ,创业板,P 教育,False,10.7,True
300493,润欣科技,2015-12-10,SZ,创业板,F 批发零售,False,10.7,True
300494,盛天网络,2015-12-31,SZ,创业板,I 信息技术,False,10.7,True
300496,中科创达,2015-12-10,SZ,创业板,I 信息技术,False,10.7,True
300497,富祥股份,2015-12-22,SZ,创业板,C 制造业,False,10.7,True
300498,温氏股份,2015-11-02,SZ,创业板,A 农林牧渔,False,10.8,True
300499,高澜股份,2016-02-02,SZ,创业板,C 制造业,False,10.6,True
300500,启迪设计,2016-02-04,SZ,创业板,M 科研服务,False,10.6,True
300501,海顺新材,2016-02-04,SZ,创业板,C 制造业,False,10.6,True
300502,新易盛,2016-03-03,SZ,创业板,C 制造业,False,10.5,True
300503,昊志机电,2016-03-09,SZ,创业板,C 制造业,False,10.5,True
300505,川金诺,2016-03-15,SZ,创业板,C 制造业,False,10.5,True
300506,名家汇,2016-03-24,SZ,创业板,E 建筑业,False,10.5,True
300507,苏奥传感,2016-04-29,SZ,创业板,C 制造业,False,10.4,True
300508,维宏股份,2016-04-19,SZ,创业板,C 制造业,False,10.4,True
300509,新美星,2016-04-25,SZ,创业板,C 制造业,False,10.4,True
300510,金冠股份,2016-05-06,SZ,创业板,C 制造业,False,10.3,True
300511,雪榕生物,2016-05-04,SZ,创业板,A 农林牧渔,False,10.3,True
300512,中亚股份,2016-05-26,SZ,创业板,C 制造业,False,10.3,True
300513,恒实科技,2016-05-30,SZ,创业板,I 信息技术,False,10.3,True
300515,三德科技,2016-06-08,SZ,创业板,C 制造业,False,10.2,True
300516,久之洋,2016-06-02,SZ,创业板,C 制造业,False,10.3,True
300517,海波重科,2016-07-19,SZ,创业板,E 建筑业,False,10.1,True
300518,新迅达,2016-06-24,SZ,创业板,I 信息技术,False,10.2,True
300519,新光药业,2016-06-24,SZ,创业板,C 制造业,False,10.2,True
300520,科大国创,2016-07-08,SZ,创业板,I 信息技术,False,10.2,True
300521,爱司凯,2016-07-05,SZ,创业板,C 制造业,False,10.2,True
300522,世名科技,2016-07-05,SZ,创业板,C 制造业,False,10.2,True
300523,辰安科技,2016-07-26,SZ,创业板,I 信息技术,False,10.1,True
300525,博思软件,2016-07-26,SZ,创业板,I 信息技术,False,10.1,True
300527,ST应急,2016-08-05,SZ,创业板,C 制造业,True,10.1,True
300528,幸福蓝海,2016-08-08,SZ,创业板,R 文化传播,False,10.1,True
300529,健帆生物,2016-08-02,SZ,创业板,C 制造业,False,10.1,True
300530,领湃科技,2016-08-09,SZ,创业板,C 制造业,False,10.1,True
300531,优博讯,2016-08-09,SZ,创业板,C 制造业,False,10.1,True
300532,今天国际,2016-08-18,SZ,创业板,I 信息技术,False,10.1,True
300533,冰川网络,2016-08-18,SZ,创业板,I 信息技术,False,10.1,True
300535,达威股份,2016-08-12,SZ,创业板,C 制造业,False,10.1,True
300537,广信材料,2016-08-30,SZ,创业板,C 制造业,False,10.0,True
300538,同益股份,2016-08-26,SZ,创业板,F 批发零售,False,10.0,True
300539,横河精密,2016-08-30,SZ,创业板,C 制造业,False,10.0,True
300540,蜀道装备,2016-08-23,SZ,创业板,C 制造业,False,10.0,True
302132,中航成飞,2010-08-27,SZ,创业板,C 制造业,False,16.0,True
600000,浦发银行,1999-11-10,SH,主板,,False,26.8,True
600004,白云机场,2003-04-28,SH,主板,,False,23.4,True
600006,东风股份,1999-07-27,SH,主板,,False,27.1,True
600007,中国国贸,1999-03-12,SH,主板,,False,27.5,True
600008,首创环保,2000-04-27,SH,主板,,False,26.4,True
600009,上海机场,1998-02-18,SH,主板,,False,28.5,True
600010,包钢股份,2001-03-09,SH,主板,,False,25.5,True
600011,华能国际,2001-12-06,SH,主板,,False,24.8,True
600012,皖通高速,2003-01-07,SH,主板,,False,23.7,True
600015,华夏银行,2003-09-12,SH,主板,,False,23.0,True
600016,民生银行,2000-12-19,SH,主板,,False,25.7,True
600017,日照港,2006-10-17,SH,主板,,False,19.9,True
600018,上港集团,2000-07-19,SH,主板,,False,26.1,True
600019,宝钢股份,2000-12-12,SH,主板,,False,25.7,True
600020,中原高速,2003-08-08,SH,主板,,False,23.1,True
600021,上海电力,2003-10-29,SH,主板,,False,22.9,True
600022,山东钢铁,2004-06-29,SH,主板,,False,22.2,True
600023,浙能电力,2013-12-19,SH,主板,,False,12.7,True
600026,中远海能,2002-05-23,SH,主板,,False,24.3,True
600027,华电国际,2005-02-03,SH,主板,,False,21.6,True
600028,中国石化,2001-08-08,SH,主板,,False,25.1,True
600029,南方航空,2003-07-25,SH,主板,,False,23.1,True
600030,中信证券,2003-01-06,SH,主板,,False,23.7,True
600031,三一重工,2003-07-03,SH,主板,,False,23.2,True
600033,福建高速,2001-02-09,SH,主板,,False,25.6,True
600035,楚天高速,2004-03-10,SH,主板,,False,22.5,True
600036,招商银行,2002-04-09,SH,主板,,False,24.4,True
600037,歌华有线,2001-02-08,SH,主板,,False,25.6,True
600038,中直股份,2000-12-18,SH,主板,,False,25.7,True
600039,四川路桥,2003-03-25,SH,主板,,False,23.5,True
600048,保利发展,2006-07-31,SH,主板,,False,20.1,True
600050,中国联通,2002-10-09,SH,主板,,False,23.9,True
600051,宁波联合,1997-04-10,SH,主板,,False,29.4,True
600052,东望时代,1997-04-15,SH,主板,,False,29.4,True
600053,*ST九鼎,1997-04-18,SH,主板,,True,29.4,True
600054,黄山旅游,1997-05-06,SH,主板,,False,29.3,True
600055,万东医疗,1997-05-19,SH,主板,,False,29.3,True
600056,中国医药,1997-05-15,SH,主板,,False,29.3,True
600057,厦门象屿,1997-06-04,SH,主板,,False,29.3,True
600058,五矿发展,1997-05-28,SH,主板,,False,29.3,True
600059,古越龙山,1997-05-16,SH,主板,,False,29.3,True
600060,海信视像,1997-04-22,SH,主板,,False,29.4,True
600061,国投资本,1997-05-19,SH,主板,,False,29.3,True
600062,华润双鹤,1997-05-22,SH,主板,,False,29.3,True
600063,皖维高新,1997-05-28,SH,主板,,False,29.3,True
600064,南京高科,1997-05-06,SH,主板,,False,29.3,True
600066,宇通客车,1997-05-08,SH,主板,,False,29.3,True
600067,冠城新材,1997-05-08,SH,主板,,False,29.3,True
600071,凤凰光学,1997-05-28,SH,主板,,False,29.3,True
600072,中船科技,1997-06-03,SH,主板,,False,29.3,True
600073,光明肉业,1997-07-04,SH,主板,,False,29.2,True
600075,新疆天业,1997-06-17,SH,主板,,False,29.2,True
600076,康欣新材,1997-05-26,SH,主板,,False,29.3,True
600078,澄星股份,1997-06-27,SH,主板,,False,29.2,True
600079,ST人福,1997-06-06,SH,主板,,True,29.3,True
600080,ST金花,1997-06-12,SH,主板,,True,29.2,True
600081,东风科技,1997-07-03,SH,主板,,False,29.2,True
600082,ST海泰,1997-06-20,SH,主板,,True,29.2,True
600084,*ST尼雅,1997-07-11,SH,主板,,True,29.2,True
600085,同仁堂,1997-06-25,SH,主板,,False,29.2,True
600088,中视传媒,1997-06-16,SH,主板,,False,29.2,True
600089,特变电工,1997-06-18,SH,主板,,False,29.2,True
600094,大名城,1997-07-03,SH,主板,,False,29.2,True
600095,湘财股份,1997-07-08,SH,主板,,False,29.2,True
600096,云天化,1997-07-09,SH,主板,,False,29.2,True
600097,开创国际,1997-06-19,SH,主板,,False,29.2,True
600098,广州发展,1997-07-18,SH,主板,,False,29.1,True
600099,林海股份,1997-07-04,SH,主板,,False,29.2,True
600100,同方股份,1997-06-27,SH,主板,,False,29.2,True
600101,明星电力,1997-06-27,SH,主板,,False,29.2,True
600103,青山纸业,1997-07-03,SH,主板,,False,29.2,True
600104,上汽集团,1997-11-25,SH,主板,,False,28.8,True
600105,永鼎股份,1997-09-29,SH,主板,,False,28.9,True
600106,重庆路桥,1997-06-18,SH,主板,,False,29.2,True
600107,*ST尔雅,1997-11-06,SH,主板,,True,28.8,True
600108,亚盛集团,1997-08-18,SH,主板,,False,29.1,True
600109,国金证券,1997-08-07,SH,主板,,False,29.1,True
600110,诺德股份,1997-10-07,SH,主板,,False,28.9,True
600111,北方稀土,1997-09-24,SH,主板,,False,29.0,True
600113,浙江东日,1997-10-21,SH,主板,,False,28.9,True
600114,东睦股份,2004-05-11,SH,主板,,False,22.3,True
600115,中国东航,1997-11-05,SH,主板,,False,28.8,True
600116,三峡水利,1997-08-04,SH,主板,,False,29.1,True
600117,西宁特钢,1997-10-15,SH,主板,,False,28.9,True
600118,中国卫星,1997-09-08,SH,主板,,False,29.0,True
600119,*ST长投,1998-01-15,SH,主板,,True,28.6,True
600120,浙江东方,1997-12-01,SH,主板,,False,28.8,True
600121,郑州煤电,1998-01-07,SH,主板,,False,28.7,True
600123,兰花科创,1998-12-17,SH,主板,,False,27.7,True
600125,铁龙物流,1998-05-11,SH,主板,,False,28.3,True
600126,杭钢股份,1998-03-11,SH,主板,,False,28.5,True
600127,金健米业,1998-05-06,SH,主板,,False,28.3,True
600128,苏豪弘业,1997-09-01,SH,主板,,False,29.0,True
600129,太极集团,1997-11-18,SH,主板,,False,28.8,True
600130,波导股份,2000-07-06,SH,主板,,False,26.2,True
600131,国网信通,1998-04-02,SH,主板,,False,28.4,True
600132,重庆啤酒,1997-10-30,SH,主板,,False,28.9,True
600133,东湖高新,1998-02-12,SH,主板,,False,28.6,True
600135,乐凯胶片,1998-01-22,SH,主板,,False,28.6,True
600136,ST明诚,1998-03-03,SH,主板,,True,28.5,True
600137,浪莎股份,1998-04-16,SH,主板,,False,28.4,True
600138,中青旅,1997-12-03,SH,主板,,False,28.8,True
600141,兴发集团,1999-06-16,SH,主板,,False,27.2,True
600143,金发科技,2004-06-23,SH,主板,,False,22.2,True
600148,长春一东,1998-05-20,SH,主板,,False,28.3,True
600149,廊坊发展,1999-10-14,SH,主板,,False,26.9,True
600150,中国船舶,1998-05-20,SH,主板,,False,28.3,True
600151,航天机电,1998-06-05,SH,主板,,False,28.3,True
600152,维科技术,1998-06-09,SH,主板,,False,28.2,True
600153,建发股份,1998-06-16,SH,主板,,False,28.2,True
600155,华创云信,1998-09-18,SH,主板,,False,28.0,True
600156,华升股份,1998-05-27,SH,主板,,False,28.3,True
600157,永泰能源,1998-05-13,SH,主板,,False,28.3,True
600158,中体产业,1998-03-27,SH,主板,,False,28.4,True
600159,大龙地产,1998-05-26,SH,主板,,False,28.3,True
600160,巨化股份,1998-06-26,SH,主板,,False,28.2,True
600161,天坛生物,1998-06-16,SH,主板,,False,28.2,True
600162,香江控股,1998-06-09,SH,主板,,False,28.2,True
600163,中闽能源,1998-06-02,SH,主板,,False,28.3,True
600165,宁科生物,1998-05-29,SH,主板,,False,28.3,True
600166,福田汽车,1998-06-02,SH,主板,,False,28.3,True
600167,联美控股,1999-01-28,SH,主板,,False,27.6,True
600168,武汉控股,1998-04-27,SH,主板,,False,28.4,True
600169,ST太重,1998-09-04,SH,主板,,True,28.0,True
600170,上海建工,1998-06-23,SH,主板,,False,28.2,True
600171,上海贝岭,1998-09-24,SH,主板,,False,28.0,True
600172,黄河旋风,1998-11-26,SH,主板,,False,27.8,True
600173,卧龙新能,1999-04-15,SH,主板,,False,27.4,True
600176,中国巨石,1999-04-22,SH,主板,,False,27.4,True
600177,雅戈尔,1998-11-19,SH,主板,,False,27.8,True
600178,东安动力,1998-10-14,SH,主板,,False,27.9,True
600179,安通控股,1998-11-04,SH,主板,,False,27.8,True
600180,*ST瑞茂,1998-07-03,SH,主板,,True,28.2,True
600182,S佳通,1999-05-07,SH,主板,,False,27.3,True
600183,生益科技,1998-10-28,SH,主板,,False,27.9,True
600184,光电股份,2003-11-06,SH,主板,,False,22.8,True
600185,珠免集团,1999-06-11,SH,主板,,False,27.2,True
600186,莲花控股,1998-08-25,SH,主板,,False,28.0,True
600187,*ST国中,1998-11-11,SH,主板,,True,27.8,True
600188,兖矿能源,1998-07-01,SH,主板,,False,28.2,True
600189,泉阳泉,1998-10-07,SH,主板,,False,27.9,True
600191,华资实业,1998-12-10,SH,主板,,False,27.7,True
600192,长城电工,1998-12-24,SH,主板,,False,27.7,True
600195,中牧股份,1999-01-07,SH,主板,,False,27.7,True
600196,复星医药,1998-08-07,SH,主板,,False,28.1,True
600197,伊力特,1999-09-16,SH,主板,,False,27.0,True
600198,大唐电信,1998-10-21,SH,主板,,False,27.9,True
600199,金种子酒,1998-08-12,SH,主板,,False,28.1,True
600201,生物股份,1999-01-15,SH,主板,,False,27.6,True
600202,哈空调,1999-06-03,SH,主板,,False,27.3,True
600203,福日电子,1999-05-14,SH,主板,,False,27.3,True
600206,有研新材,1999-03-19,SH,主板,,False,27.5,True
600207,安彩高科,1999-07-14,SH,主板,,False,27.1,True
600208,衢州发展,1999-06-23,SH,主板,,False,27.2,True
600210,紫江企业,1999-08-24,SH,主板,,False,27.0,True
600211,西藏药业,1999-07-21,SH,主板,,False,27.1,True
600212,绿能慧充,1999-08-17,SH,主板,,False,27.1,True
600215,派斯林,1999-09-09,SH,主板,,False,27.0,True
600216,浙江医药,1999-10-21,SH,主板,,False,26.9,True
600217,中再资环,1999-12-16,SH,主板,,False,26.7,True
600218,全柴动力,1998-12-03,SH,主板,,False,27.8,True
600219,南山铝业,1999-12-23,SH,主板,,False,26.7,True
600221,海航控股,1999-11-25,SH,主板,,False,26.8,True
600222,太龙药业,1999-11-05,SH,主板,,False,26.8,True
600223,福瑞达,2000-01-13,SH,主板,,False,26.6,True
600226,亨通股份,1999-11-16,SH,主板,,False,26.8,True
600227,赤天化,2000-02-21,SH,主板,,False,26.5,True
600228,返利科技,1999-01-19,SH,主板,,False,27.6,True
600229,城市传媒,2000-03-09,SH,主板,,False,26.5,True
600230,沧州大化,2000-04-06,SH,主板,,False,26.4,True
600231,凌钢股份,2000-05-11,SH,主板,,False,26.3,True
600232,金鹰股份,2000-06-02,SH,主板,,False,26.3,True
600233,圆通速递,2000-06-08,SH,主板,,False,26.2,True
600234,科新发展,2000-06-15,SH,主板,,False,26.2,True
600235,民丰特纸,2000-06-15,SH,主板,,False,26.2,True
600236,桂冠电力,2000-03-23,SH,主板,,False,26.5,True
600237,铜峰电子,2000-06-09,SH,主板,,False,26.2,True
600238,ST椰岛,2000-01-20,SH,主板,,True,26.6,True
600239,ST云城,1999-12-02,SH,主板,,True,26.8,True
600241,时代万恒,2000-11-28,SH,主板,,False,25.8,True
600243,*ST海华,2000-11-20,SH,主板,,True,25.8,True
600246,万通发展,2000-09-22,SH,主板,,False,26.0,True
600248,陕建股份,2000-06-22,SH,主板,,False,26.2,True
600249,两面针,2004-01-30,SH,主板,,False,22.6,True
600250,南京商旅,2001-03-06,SH,主板,,False,25.5,True
600251,冠农股份,2003-06-09,SH,主板,,False,23.2,True
600252,中恒集团,2000-11-30,SH,主板,,False,25.8,True
600255,鑫科材料,2000-11-22,SH,主板,,False,25.8,True
600256,广汇能源,2000-05-26,SH,主板,,False,26.3,True
600257,大湖股份,2000-06-12,SH,主板,,False,26.2,True
600258,首旅酒店,2000-06-01,SH,主板,,False,26.3,True
600259,中稀有色,2000-05-25,SH,主板,,False,26.3,True
600261,阳光照明,2000-07-20,SH,主板,,False,26.1,True
600262,北方股份,2000-06-30,SH,主板,,False,26.2,True
600265,*ST景谷,2000-08-25,SH,主板,,True,26.0,True
600266,城建发展,1999-02-03,SH,主板,,False,27.6,True
600267,海正药业,2000-07-25,SH,主板,,False,26.1,True
600268,国电南自,1999-11-18,SH,主板,,False,26.8,True
600269,赣粤高速,2000-05-18,SH,主板,,False,26.3,True
600271,航天信息,2003-07-11,SH,主板,,False,23.2,True
600272,开开实业,2001-02-28,SH,主板,,False,25.5,True
600273,嘉化能源,2003-06-27,SH,主板,,False,23.2,True
600276,恒瑞医药,2000-10-18,SH,主板,,False,25.9,True
600278,东方创业,2000-07-12,SH,主板,,False,26.2,True
600279,重庆港,2000-07-31,SH,主板,,False,26.1,True
600280,中央商场,2000-09-26,SH,主板,,False,25.9,True
600281,华阳新材,2000-11-09,SH,主板,,False,25.8,True
600282,南钢股份,2000-09-19,SH,主板,,False,26.0,True
600283,钱江水利,2000-10-18,SH,主板,,False,25.9,True
600284,浦东建设,2004-03-16,SH,主板,,False,22.5,True
600285,羚锐制药,2000-10-18,SH,主板,,False,25.9,True
600287,苏豪时尚,2000-09-01,SH,主板,,False,26.0,True
600288,大恒科技,2000-11-29,SH,主板,,False,25.8,True
600289,ST信通,2000-07-20,SH,主板,,True,26.1,True
600292,电投水电,2000-11-01,SH,主板,,False,25.8,True
600293,三峡新材,2000-09-19,SH,主板,,False,26.0,True
600295,鄂尔多斯,2001-04-26,SH,主板,,False,25.4,True
600298,安琪酵母,2000-08-18,SH,主板,,False,26.1,True
600299,安迪苏,2000-04-20,SH,主板,,False,26.4,True
600300,维维股份,2000-06-30,SH,主板,,False,26.2,True
600301,华锡有色,2000-07-12,SH,主板,,False,26.2,True
600302,ST标准,2000-12-13,SH,主板,,True,25.7,True
600303,曙光股份,2000-12-26,SH,主板,,False,25.7,True
600305,恒顺醋业,2001-02-06,SH,主板,,False,25.6,True
600307,酒钢宏兴,2000-12-20,SH,主板,,False,25.7,True
600308,华泰股份,2000-09-28,SH,主板,,False,25.9,True
600309,万华化学,2001-01-05,SH,主板,,False,25.7,True
600310,广西能源,2001-02-28,SH,主板,,False,25.5,True
600312,平高电气,2001-02-21,SH,主板,,False,25.5,True
600313,农发种业,2001-01-19,SH,主板,,False,25.6,True
600315,上海家化,2001-03-15,SH,主板,,False,25.5,True
600316,洪都航空,2000-12-15,SH,主板,,False,25.7,True
600318,新力金融,2000-12-08,SH,主板,,False,25.7,True
600319,亚星化学,2001-03-26,SH,主板,,False,25.4,True
600320,振华重工,2000-12-21,SH,主板,,False,25.7,True
600322,津投城开,2001-09-10,SH,主板,,False,25.0,True
600323,瀚蓝环境,2000-12-25,SH,主板,,False,25.7,True
600325,华发股份,2004-02-25,SH,主板,,False,22.5,True
600326,西藏天路,2001-01-16,SH,主板,,False,25.6,True
600327,大东方,2002-06-25,SH,主板,,False,24.2,True
600328,中盐化工,2000-12-22,SH,主板,,False,25.7,True
600329,达仁堂,2001-06-06,SH,主板,,False,25.3,True
600330,天通股份,2001-01-18,SH,主板,,False,25.6,True
600331,宏达股份,2001-12-20,SH,主板,,False,24.7,True
600332,白云山,2001-02-06,SH,主板,,False,25.6,True
600333,长春燃气,2000-12-11,SH,主板,,False,25.7,True
600335,国机汽车,2001-03-05,SH,主板,,False,25.5,True
600336,澳柯玛,2000-12-29,SH,主板,,False,25.7,True
600337,ST美克,2000-11-27,SH,主板,,True,25.8,True
600338,西藏珠峰,2000-12-27,SH,主板,,False,25.7,True
600339,中油工程,2000-12-25,SH,主板,,False,25.7,True
600340,*ST华幸,2003-12-30,SH,主板,,True,22.7,True
600343,航天动力,2003-04-08,SH,主板,,False,23.4,True
600345,长江通信,2000-12-22,SH,主板,,False,25.7,True
600346,恒力石化,2001-08-20,SH,主板,,False,25.0,True
600348,华阳股份,2003-08-21,SH,主板,,False,23.0,True
600350,山东高速,2002-03-18,SH,主板,,False,24.5,True
600351,亚宝药业,2002-09-26,SH,主板,,False,23.9,True
600352,浙江龙盛,2003-08-01,SH,主板,,False,23.1,True
600353,旭光电子,2002-11-20,SH,主板,,False,23.8,True
600354,敦煌种业,2004-01-15,SH,主板,,False,22.6,True
600356,恒丰纸业,2001-04-19,SH,主板,,False,25.4,True
600358,国旅联合,2000-09-22,SH,主板,,False,26.0,True
600359,新农开发,1999-04-29,SH,主板,,False,27.4,True
600360,华微电子,2001-03-16,SH,主板,,False,25.5,True
600361,创新新材,2001-11-29,SH,主板,,False,24.8,True
600362,江西铜业,2002-01-11,SH,主板,,False,24.7,True
600363,联创光电,2001-03-29,SH,主板,,False,25.4,True
600365,ST通葡,2001-01-15,SH,主板,,True,25.6,True
600366,宁波韵升,2000-10-30,SH,主板,,False,25.9,True
600367,红星发展,2001-03-20,SH,主板,,False,25.5,True
600368,五洲交通,2000-12-21,SH,主板,,False,25.7,True
600369,西南证券,2001-01-09,SH,主板,,False,25.7,True
600370,*ST三房,2003-03-06,SH,主板,,True,23.5,True
600371,万向德农,2002-09-16,SH,主板,,False,24.0,True
600372,中航机载,2001-07-06,SH,主板,,False,25.2,True
600373,中文传媒,2002-03-04,SH,主板,,False,24.5,True
600375,汉马科技,2003-04-01,SH,主板,,False,23.4,True
600376,首开股份,2001-03-12,SH,主板,,False,25.5,True
600377,宁沪高速,2001-01-16,SH,主板,,False,25.6,True
600378,昊华科技,2001-01-11,SH,主板,,False,25.7,True
600379,宝光股份,2002-01-16,SH,主板,,False,24.6,True
600380,健康元,2001-06-08,SH,主板,,False,25.2,True
600381,*ST春天,2001-05-08,SH,主板,,True,25.3,True
600382,广东明珠,2001-01-18,SH,主板,,False,25.6,True
600383,金地集团,2001-04-12,SH,主板,,False,25.4,True
600386,北巴传媒,2001-02-16,SH,主板,,False,25.6,True
600388,紫金龙净,2000-12-29,SH,主板,,False,25.7,True
600389,江山股份,2001-01-10,SH,主板,,False,25.7,True
600390,五矿资本,2001-01-15,SH,主板,,False,25.6,True
600391,航发科技,2001-12-12,SH,主板,,False,24.7,True
600392,盛和资源,2003-05-29,SH,主板,,False,23.3,True
600395,盘江股份,2001-05-31,SH,主板,,False,25.3,True
600396,华电辽能,2001-03-28,SH,主板,,False,25.4,True
600397,江钨装备,2002-07-02,SH,主板,,False,24.2,True
600398,海澜之家,2000-12-28,SH,主板,,False,25.7,True
600399,抚顺特钢,2000-12-29,SH,主板,,False,25.7,True
600400,红豆股份,2001-01-08,SH,主板,,False,25.7,True
600403,大有能源,2003-10-09,SH,主板,,False,22.9,True
600405,动力源,2004-04-01,SH,主板,,False,22.4,True
600406,国电南瑞,2003-10-16,SH,主板,,False,22.9,True
600408,安泰集团,2003-02-12,SH,主板,,False,23.6,True
600409,三友化工,2003-06-18,SH,主板,,False,23.2,True
600410,华胜天成,2004-04-27,SH,主板,,False,22.4,True
600415,小商品城,2002-05-09,SH,主板,,False,24.3,True
600416,湘电股份,2002-07-18,SH,主板,,False,24.1,True
600418,江淮汽车,2001-08-24,SH,主板,,False,25.0,True
600419,天润乳业,2001-06-28,SH,主板,,False,25.2,True
600420,国药现代,2004-06-16,SH,主板,,False,22.2,True
600422,昆药集团,2000-12-06,SH,主板,,False,25.7,True
600423,*ST柳化,2003-07-17,SH,主板,,True,23.1,True
600425,青松建化,2003-07-24,SH,主板,,False,23.1,True
600426,华鲁恒升,2002-06-20,SH,主板,,False,24.2,True
600428,中远海特,2002-04-18,SH,主板,,False,24.4,True
600429,三元股份,2003-09-15,SH,主板,,False,23.0,True
600433,冠豪高新,2003-06-19,SH,主板,,False,23.2,True
600435,北方导航,2003-07-04,SH,主板,,False,23.2,True
600436,片仔癀,2003-06-16,SH,主板,,False,23.2,True
600438,通威股份,2004-03-02,SH,主板,,False,22.5,True
600439,ST瑞贝卡,2003-07-10,SH,主板,,True,23.2,True
600444,国机通用,2004-02-19,SH,主板,,False,22.5,True
600446,金证股份,2003-12-24,SH,主板,,False,22.7,True
600448,华纺股份,2001-09-03,SH,主板,,False,25.0,True
600449,宁夏建材,2003-08-29,SH,主板,,False,23.0,True
600452,涪陵电力,2004-03-03,SH,主板,,False,22.5,True
600455,博通股份,2004-03-29,SH,主板,,False,22.4,True
600456,宝钛股份,2002-04-12,SH,主板,,False,24.4,True
600458,时代新材,2002-12-19,SH,主板,,False,23.7,True
600459,贵研铂业,2003-05-16,SH,主板,,False,23.3,True
600460,士兰微,2003-03-11,SH,主板,,False,23.5,True
600461,洪城环境,2004-06-01,SH,主板,,False,22.3,True
600463,空港股份,2004-03-18,SH,主板,,False,22.5,True
600467,好当家,2004-04-05,SH,主板,,False,22.4,True
600468,百利电气,2001-06-15,SH,主板,,False,25.2,True
600469,风神股份,2003-10-21,SH,主板,,False,22.9,True
600470,六国化工,2004-03-05,SH,主板,,False,22.5,True
600475,华光环能,2003-07-21,SH,主板,,False,23.1,True
600476,*ST湘邮,2003-12-10,SH,主板,,True,22.7,True
600477,杭萧钢构,2003-11-10,SH,主板,,False,22.8,True
600478,科力远,2003-09-18,SH,主板,,False,23.0,True
600479,千金药业,2004-03-12,SH,主板,,False,22.5,True
600480,凌云股份,2003-08-15,SH,主板,,False,23.1,True
600481,双良节能,2003-04-22,SH,主板,,False,23.4,True
600482,中国动力,2004-07-14,SH,主板,,False,22.1,True
600483,福能股份,2004-05-31,SH,主板,,False,22.3,True
600486,扬农化工,2002-04-25,SH,主板,,False,24.4,True
600487,亨通光电,2003-08-22,SH,主板,,False,23.0,True
600488,津药药业,2001-06-18,SH,主板,,False,25.2,True
600489,中金黄金,2003-08-14,SH,主板,,False,23.1,True
600490,鹏欣资源,2003-06-26,SH,主板,,False,23.2,True
600491,ST龙元,2004-05-24,SH,主板,,True,22.3,True
600493,凤竹纺织,2004-04-21,SH,主板,,False,22.4,True
600495,晋西车轴,2004-05-26,SH,主板,,False,22.3,True
600496,精工钢构,2002-06-05,SH,主板,,False,24.3,True
600497,驰宏锌锗,2004-04-20,SH,主板,,False,22.4,True
600498,烽火通信,2001-08-23,SH,主板,,False,25.0,True
600499,科达制造,2002-10-10,SH,主板,,False,23.9,True
600500,中化国际,2000-03-01,SH,主板,,False,26.5,True
600501,航天晨光,2001-06-15,SH,主板,,False,25.2,True
600502,安徽建工,2003-04-15,SH,主板,,False,23.4,True
600503,华丽家族,2002-07-09,SH,主板,,False,24.2,True
600505,西昌电力,2002-05-30,SH,主板,,False,24.3,True
600506,统一股份,2001-12-26,SH,主板,,False,24.7,True
600507,方大特钢,2003-09-30,SH,主板,,False,22.9,True
600508,上海能源,2001-08-29,SH,主板,,False,25.0,True
600509,天富能源,2002-02-28,SH,主板,,False,24.5,True
600510,黑牡丹,2002-06-18,SH,主板,,False,24.2,True
600511,国药股份,2002-11-27,SH,主板,,False,23.8,True
600512,腾达建设,2002-12-26,SH,主板,,False,23.7,True
600513,联环药业,2003-03-19,SH,主板,,False,23.5,True
600515,海南机场,2002-08-06,SH,主板,,False,24.1,True
600516,方大炭素,2002-08-30,SH,主板,,False,24.0,True
600517,国网英大,2003-10-10,SH,主板,,False,22.9,True
600518,康美药业,2001-03-19,SH,主板,,False,25.5,True
600519,贵州茅台,2001-08-27,SH,主板,,False,25.0,True
600520,三佳科技,2002-01-08,SH,主板,,False,24.7,True
600521,华海药业,2003-03-04,SH,主板,,False,23.5,True
600522,中天科技,2002-10-24,SH,主板,,False,23.9,True
600523,贵航股份,2001-12-27,SH,主板,,False,24.7,True
600525,长园集团,2002-12-02,SH,主板,,False,23.8,True
600526,菲达环保,2002-07-22,SH,主板,,False,24.1,True
600527,江南高纤,2003-11-27,SH,主板,,False,22.8,True
600528,中铁工业,2001-05-28,SH,主板,,False,25.3,True
600529,山东药玻,2002-06-03,SH,主板,,False,24.3,True
600530,ST交昂,2001-07-02,SH,主板,,True,25.2,True
600531,豫光金铅,2002-07-30,SH,主板,,False,24.1,True
600533,栖霞建设,2002-03-28,SH,主板,,False,24.4,True
600535,天士力,2002-08-23,SH,主板,,False,24.0,True
600536,中国软件,2002-05-17,SH,主板,,False,24.3,True
600537,*ST亿晶,2003-01-23,SH,主板,,True,23.6,True
600538,国发股份,2003-01-14,SH,主板,,False,23.6,True
600539,狮头股份,2001-08-24,SH,主板,,False,25.0,True
600540,新赛股份,2004-01-07,SH,主板,,False,22.7,True
600543,*ST莫高,2004-03-24,SH,主板,,True,22.5,True
600545,卓郎智能,2003-12-03,SH,主板,,False,22.8,True
600546,山煤国际,2003-07-31,SH,主板,,False,23.1,True
600547,山东黄金,2003-08-28,SH,主板,,False,23.0,True
600548,深高速,2001-12-25,SH,主板,,False,24.7,True
600549,厦门钨业,2002-11-07,SH,主板,,False,23.8,True
600550,保变电气,2001-02-28,SH,主板,,False,25.5,True
600551,时代出版,2002-09-05,SH,主板,,False,24.0,True
600552,凯盛科技,2002-11-08,SH,主板,,False,23.8,True
600556,天下秀,2001-08-07,SH,主板,,False,25.1,True
600557,康缘药业,2002-09-18,SH,主板,,False,24.0,True
600558,大西洋,2001-02-27,SH,主板,,False,25.5,True
600559,老白干酒,2002-10-29,SH,主板,,False,23.9,True
600560,金自天正,2002-09-19,SH,主板,,False,24.0,True
600561,江西长运,2002-07-16,SH,主板,,False,24.1,True
600562,国睿科技,2003-01-28,SH,主板,,False,23.6,True
600563,法拉电子,2002-12-10,SH,主板,,False,23.7,True
600566,济川药业,2001-08-22,SH,主板,,False,25.0,True
600567,山鹰国际,2001-12-18,SH,主板,,False,24.7,True
600568,ST中珠,2001-05-18,SH,主板,,True,25.3,True
600569,安阳钢铁,2001-08-20,SH,主板,,False,25.0,True
600570,恒生电子,2003-12-16,SH,主板,,False,22.7,True
600571,信雅达,2002-11-01,SH,主板,,False,23.8,True
600572,康恩贝,2004-04-12,SH,主板,,False,22.4,True
600573,惠泉啤酒,2003-02-26,SH,主板,,False,23.5,True
600575,淮河能源,2003-03-28,SH,主板,,False,23.4,True
600576,祥源文旅,2003-02-20,SH,主板,,False,23.5,True
600577,精达股份,2002-09-11,SH,主板,,False,24.0,True
600578,京能电力,2002-05-10,SH,主板,,False,24.3,True
600579,中化装备,2002-08-09,SH,主板,,False,24.1,True
600580,卧龙电驱,2002-06-06,SH,主板,,False,24.3,True
600581,*ST八钢,2002-08-16,SH,主板,,True,24.1,True
600582,天地科技,2002-05-15,SH,主板,,False,24.3,True
600583,海油工程,2002-02-05,SH,主板,,False,24.6,True
600584,长电科技,2003-06-03,SH,主板,,False,23.3,True
600585,海螺水泥,2002-02-07,SH,主板,,False,24.6,True
600586,金晶科技,2002-08-15,SH,主板,,False,24.1,True
600587,新华医疗,2002-09-27,SH,主板,,False,23.9,True
600588,用友网络,2001-05-18,SH,主板,,False,25.3,True
600589,大位科技,2001-06-12,SH,主板,,False,25.2,True
600590,泰豪科技,2002-07-03,SH,主板,,False,24.2,True
600592,龙溪股份,2002-08-05,SH,主板,,False,24.1,True
600593,大连圣亚,2002-07-11,SH,主板,,False,24.2,True
600594,益佰制药,2004-03-23,SH,主板,,False,22.5,True
600595,中孚实业,2002-06-26,SH,主板,,False,24.2,True
600596,新安股份,2001-09-06,SH,主板,,False,25.0,True
600597,光明乳业,2002-08-28,SH,主板,,False,24.0,True
600598,北大荒,2002-03-29,SH,主板,,False,24.4,True
600600,青岛啤酒,1993-08-27,SH,主板,,False,33.0,True
600601,方正科技,1990-12-19,SH,主板,,False,35.7,True
600602,云赛智联,1990-12-19,SH,主板,,False,35.7,True
600603,广汇物流,1992-01-13,SH,主板,,False,34.6,True
600604,市北高新,1992-03-27,SH,主板,,False,34.4,True
600605,汇通能源,1992-03-27,SH,主板,,False,34.4,True
600606,绿地控股,1992-03-27,SH,主板,,False,34.4,True
600609,金杯汽车,1992-07-24,SH,主板,,False,34.1,True
600610,中毅达,1992-08-05,SH,主板,,False,34.1,True
600611,大众交通,1992-08-07,SH,主板,,False,34.1,True
600612,老凤祥,1992-08-14,SH,主板,,False,34.1,True
600613,神奇制药,1992-08-20,SH,主板,,False,34.0,True
600615,鑫源智造,1992-09-10,SH,主板,,False,34.0,True
600616,金枫酒业,1992-09-29,SH,主板,,False,33.9,True
600617,国新能源,1992-10-13,SH,主板,,False,33.9,True
600618,氯碱化工,1992-11-13,SH,主板,,False,33.8,True
600619,海立股份,1992-11-16,SH,主板,,False,33.8,True
600620,天宸股份,1992-11-17,SH,主板,,False,33.8,True
600621,华鑫股份,1992-12-02,SH,主板,,False,33.8,True
600622,光大嘉宝,1992-12-03,SH,主板,,False,33.8,True
600623,华谊集团,1992-12-04,SH,主板,,False,33.8,True
600624,ST复华,1993-01-05,SH,主板,,True,33.7,True
600626,申达股份,1993-01-07,SH,主板,,False,33.7,True
600628,新世界,1993-01-19,SH,主板,,False,33.6,True
600629,华建集团,1993-02-09,SH,主板,,False,33.6,True
600630,龙头股份,1993-02-09,SH,主板,,False,33.6,True
600633,浙数文化,1993-03-04,SH,主板,,False,33.5,True
600635,大众公用,1993-03-04,SH,主板,,False,33.5,True
600637,东方明珠,1993-03-16,SH,主板,,False,33.5,True
600638,新黄浦,1993-03-26,SH,主板,,False,33.4,True
600639,浦东金桥,1993-03-26,SH,主板,,False,33.4,True
600640,国脉文化,1993-04-07,SH,主板,,False,33.4,True
600641,先导基电,1993-04-07,SH,主板,,False,33.4,True
600642,申能股份,1993-04-16,SH,主板,,False,33.4,True
600643,爱建集团,1993-04-26,SH,主板,,False,33.4,True
600644,乐山电力,1993-04-26,SH,主板,,False,33.4,True
600645,中源协和,1993-05-04,SH,主板,,False,33.3,True
600648,外高桥,1993-05-04,SH,主板,,False,33.3,True
600649,城投控股,1993-05-18,SH,主板,,False,33.3,True
600650,锦江在线,1993-06-07,SH,主板,,False,33.2,True
600651,飞乐音响,1990-12-19,SH,主板,,False,35.7,True
600653,申华控股,1990-12-19,SH,主板,,False,35.7,True
600654,中安科,1990-12-19,SH,主板,,False,35.7,True
600655,豫园股份,1992-09-02,SH,主板,,False,34.0,True
600657,信达地产,1993-05-24,SH,主板,,False,33.3,True
600658,电子城,1993-05-24,SH,主板,,False,33.3,True
600660,福耀玻璃,1993-06-10,SH,主板,,False,33.2,True
600661,昂立教育,1993-06-14,SH,主板,,False,33.2,True
600662,外服控股,1993-06-14,SH,主板,,False,33.2,True
600663,陆家嘴,1993-06-28,SH,主板,,False,33.2,True
600664,哈药股份,1993-06-29,SH,主板,,False,33.2,True
600665,天地源,1993-07-09,SH,主板,,False,33.2,True
600666,奥瑞德,1993-07-12,SH,主板,,False,33.2,True
600667,太极实业,1993-07-28,SH,主板,,False,33.1,True
600668,尖峰集团,1993-07-28,SH,主板,,False,33.1,True
600671,天目药业,1993-08-23,SH,主板,,False,33.0,True
600673,东阳光,1993-09-17,SH,主板,,False,33.0,True
600674,川投能源,1993-09-24,SH,主板,,False,33.0,True
600675,中华企业,1993-09-24,SH,主板,,False,33.0,True
600676,久事动娱,1993-09-28,SH,主板,,False,32.9,True
600678,ST金顶,1993-10-08,SH,主板,,True,32.9,True
600679,上海凤凰,1993-10-08,SH,主板,,False,32.9,True
600681,百川能源,1993-10-18,SH,主板,,False,32.9,True
600682,南京新百,1993-10-18,SH,主板,,False,32.9,True
600683,京投发展,1993-10-25,SH,主板,,False,32.9,True
600684,珠江股份,1993-10-28,SH,主板,,False,32.9,True
600685,中船防务,1993-10-28,SH,主板,,False,32.9,True
600686,金龙汽车,1993-11-08,SH,主板,,False,32.8,True
600688,上海石化,1993-11-08,SH,主板,,False,32.8,True
600689,上海三毛,1993-11-08,SH,主板,,False,32.8,True
600690,海尔智家,1993-11-19,SH,主板,,False,32.8,True
600691,潞化科技,1993-11-19,SH,主板,,False,32.8,True
600692,亚通股份,1993-11-19,SH,主板,,False,32.8,True
600693,东百集团,1993-11-22,SH,主板,,False,32.8,True
600694,大商股份,1993-11-22,SH,主板,,False,32.8,True
600697,欧亚集团,1993-12-06,SH,主板,,False,32.8,True
600698,湖南天雁,1993-12-06,SH,主板,,False,32.8,True
600699,均胜电子,1993-12-06,SH,主板,,False,32.8,True
600702,舍得酒业,1996-05-24,SH,主板,,False,30.3,True
600703,三安光电,1996-05-28,SH,主板,,False,30.3,True
600704,物产中大,1996-06-06,SH,主板,,False,30.3,True
600706,曲江文旅,1996-05-16,SH,主板,,False,30.3,True
600707,彩虹股份,1996-05-20,SH,主板,,False,30.3,True
600708,光明地产,1996-06-06,SH,主板,,False,30.3,True
600710,苏美达,1996-07-01,SH,主板,,False,30.2,True
600711,盛屯矿业,1996-05-31,SH,主板,,False,30.3,True
600712,南宁百货,1996-06-26,SH,主板,,False,30.2,True
600713,南京医药,1996-07-01,SH,主板,,False,30.2,True
600714,金瑞矿业,1996-06-06,SH,主板,,False,30.3,True
600715,文投控股,1996-07-01,SH,主板,,False,30.2,True
600716,凤凰股份,1996-07-02,SH,主板,,False,30.2,True
600717,天津港,1996-06-14,SH,主板,,False,30.2,True
600718,东软集团,1996-06-18,SH,主板,,False,30.2,True
600719,大连热电,1996-07-16,SH,主板,,False,30.1,True
600720,中交设计,1996-07-16,SH,主板,,False,30.1,True
600721,百花医药,1996-06-26,SH,主板,,False,30.2,True
600722,金牛化工,1996-06-26,SH,主板,,False,30.2,True
600724,宁波富达,1996-07-16,SH,主板,,False,30.1,True
600725,云维股份,1996-07-02,SH,主板,,False,30.2,True
600726,华电能源,1996-07-01,SH,主板,,False,30.2,True
600727,鲁北化工,1996-07-02,SH,主板,,False,30.2,True
600728,佳都科技,1996-07-16,SH,主板,,False,30.1,True
600729,重百集团,1996-07-02,SH,主板,,False,30.2,True
600730,*ST高科,1996-07-26,SH,主板,,True,30.1,True
600731,湖南海利,1996-08-02,SH,主板,,False,30.1,True
600732,爱旭股份,1996-08-16,SH,主板,,False,30.1,True
600733,北汽蓝谷,1996-08-16,SH,主板,,False,30.1,True
600734,*ST实达,1996-08-08,SH,主板,,True,30.1,True
600735,ST新华锦,1996-07-26,SH,主板,,True,30.1,True
600736,苏州高新,1996-08-15,SH,主板,,False,30.1,True
600737,中粮糖业,1996-07-31,SH,主板,,False,30.1,True
600738,丽尚国潮,1996-08-02,SH,主板,,False,30.1,True
600739,辽宁成大,1996-08-19,SH,主板,,False,30.0,True
600740,山西焦化,1996-08-08,SH,主板,,False,30.1,True
600741,华域汽车,1996-08-26,SH,主板,,False,30.0,True
600742,富维股份,1996-08-26,SH,主板,,False,30.0,True
600743,华远控股,1996-09-09,SH,主板,,False,30.0,True
600744,华银电力,1996-09-05,SH,主板,,False,30.0,True
600745,*ST闻泰,1996-08-28,SH,主板,,True,30.0,True
600746,江苏索普,1996-09-18,SH,主板,,False,30.0,True
600748,上实发展,1996-09-25,SH,主板,,False,29.9,True
600749,西藏旅游,1996-10-15,SH,主板,,False,29.9,True
600750,华润江中,1996-09-23,SH,主板,,False,30.0,True
600751,海航科技,1996-09-09,SH,主板,,False,30.0,True
600753,ST海钦,1996-09-27,SH,主板,,True,29.9,True
600754,锦江酒店,1996-10-11,SH,主板,,False,29.9,True
600755,厦门国贸,1996-10-03,SH,主板,,False,29.9,True
600756,浪潮软件,1996-09-23,SH,主板,,False,30.0,True
600757,长江传媒,1996-10-03,SH,主板,,False,29.9,True
600758,辽宁能源,1996-10-29,SH,主板,,False,29.9,True
600759,ST洲际,1996-10-08,SH,主板,,True,29.9,True
600760,中航沈飞,1996-10-11,SH,主板,,False,29.9,True
600761,安徽合力,1996-10-09,SH,主板,,False,29.9,True
600763,通策医疗,1996-10-30,SH,主板,,False,29.9,True
600764,中国海防,1996-11-04,SH,主板,,False,29.8,True
600765,中航重机,1996-11-06,SH,主板,,False,29.8,True
600768,富邦新材,1996-11-11,SH,主板,,False,29.8,True
600769,祥龙电业,1996-11-01,SH,主板,,False,29.8,True
600770,综艺股份,1996-11-20,SH,主板,,False,29.8,True
600771,广誉远,1996-11-05,SH,主板,,False,29.8,True
600773,西藏城投,1996-11-08,SH,主板,,False,29.8,True
600774,汉商集团,1996-11-08,SH,主板,,False,29.8,True
600775,南京熊猫,1996-11-18,SH,主板,,False,29.8,True
600776,东方通信,1996-11-26,SH,主板,,False,29.8,True
600777,新潮能源,1996-11-21,SH,主板,,False,29.8,True
600778,友好集团,1996-12-03,SH,主板,,False,29.8,True
600779,水井坊,1996-12-06,SH,主板,,False,29.7,True
600780,通宝能源,1996-12-05,SH,主板,,False,29.8,True
600782,新钢股份,1996-12-25,SH,主板,,False,29.7,True
600783,鲁信创投,1996-12-25,SH,主板,,False,29.7,True
600784,鲁银投资,1996-12-25,SH,主板,,False,29.7,True
600785,新华百货,1997-01-08,SH,主板,,False,29.7,True
600787,中储股份,1997-01-21,SH,主板,,False,29.6,True
600789,鲁抗医药,1997-02-26,SH,主板,,False,29.5,True
600790,轻纺城,1997-02-28,SH,主板,,False,29.5,True
600791,京能置业,1997-01-30,SH,主板,,False,29.6,True
600792,云煤能源,1997-01-23,SH,主板,,False,29.6,True
600793,宜宾纸业,1997-02-20,SH,主板,,False,29.5,True
600794,保税科技,1997-03-06,SH,主板,,False,29.5,True
600795,国电电力,1997-03-18,SH,主板,,False,29.5,True
600796,钱江生化,1997-04-08,SH,主板,,False,29.4,True
600797,浙大网新,1997-04-18,SH,主板,,False,29.4,True
600798,宁波海运,1997-04-23,SH,主板,,False,29.4,True
600800,渤海化学,1993-12-06,SH,主板,,False,32.8,True
600801,华新建材,1994-01-03,SH,主板,,False,32.7,True
600802,福建水泥,1994-01-03,SH,主板,,False,32.7,True
600803,新奥股份,1994-01-03,SH,主板,,False,32.7,True
600805,悦达投资,1994-01-03,SH,主板,,False,32.7,True
600807,济高发展,1994-01-03,SH,主板,,False,32.7,True
600808,马钢股份,1994-01-06,SH,主板,,False,32.7,True
600809,山西汾酒,1994-01-06,SH,主板,,False,32.7,True
600810,神马股份,1994-01-06,SH,主板,,False,32.7,True
600812,华北制药,1994-01-14,SH,主板,,False,32.6,True
600814,杭州解百,1994-01-14,SH,主板,,False,32.6,True
600815,厦工股份,1994-01-28,SH,主板,,False,32.6,True
600816,建元信托,1994-01-28,SH,主板,,False,32.6,True
600817,宇通重工,1994-01-28,SH,主板,,False,32.6,True
600818,ST中路,1994-01-28,SH,主板,,True,32.6,True
600819,耀皮玻璃,1994-01-28,SH,主板,,False,32.6,True
600820,隧道股份,1994-01-28,SH,主板,,False,32.6,True
600821,金开新能,1994-01-28,SH,主板,,False,32.6,True
600822,上海物贸,1994-02-04,SH,主板,,False,32.6,True
600824,益民集团,1994-02-04,SH,主板,,False,32.6,True
600825,新华传媒,1994-02-04,SH,主板,,False,32.6,True
600826,兰生股份,1994-02-04,SH,主板,,False,32.6,True
600827,百联股份,1994-02-04,SH,主板,,False,32.6,True
600828,茂业商业,1994-02-24,SH,主板,,False,32.5,True
600829,人民同泰,1994-02-24,SH,主板,,False,32.5,True
600830,香溢融通,1994-02-24,SH,主板,,False,32.5,True
600831,广电网络,1994-02-24,SH,主板,,False,32.5,True
600833,第一医药,1994-02-24,SH,主板,,False,32.5,True
600834,申通地铁,1994-02-24,SH,主板,,False,32.5,True
600835,上海机电,1994-02-24,SH,主板,,False,32.5,True
600838,上海九百,1994-02-24,SH,主板,,False,32.5,True
600839,四川长虹,1994-03-11,SH,主板,,False,32.5,True
600841,动力新科,1994-03-11,SH,主板,,False,32.5,True
600843,上工申贝,1994-03-11,SH,主板,,False,32.5,True
600844,金煤科技,1994-03-11,SH,主板,,False,32.5,True
600845,宝信软件,1994-03-11,SH,主板,,False,32.5,True
600846,同济科技,1994-03-11,SH,主板,,False,32.5,True
600847,万里股份,1994-03-24,SH,主板,,False,32.5,True
600848,上海临港,1994-03-24,SH,主板,,False,32.5,True
600850,电科数字,1994-03-24,SH,主板,,False,32.5,True
600851,海欣股份,1994-04-04,SH,主板,,False,32.4,True
600853,龙建股份,1994-04-04,SH,主板,,False,32.4,True
600854,春兰股份,1994-04-25,SH,主板,,False,32.4,True
600855,航天长峰,1994-04-25,SH,主板,,False,32.4,True
600857,宁波中百,1994-04-25,SH,主板,,False,32.4,True
600858,银座股份,1994-05-06,SH,主板,,False,32.3,True
600859,王府井,1994-05-06,SH,主板,,False,32.3,True
600860,京城股份,1994-05-06,SH,主板,,False,32.3,True
600861,北京人力,1994-05-20,SH,主板,,False,32.3,True
600862,中航高科,1994-05-20,SH,主板,,False,32.3,True
600863,华能蒙电,1994-05-20,SH,主板,,False,32.3,True
600864,哈投股份,1994-08-09,SH,主板,,False,32.1,True
600865,百大集团,1994-08-09,SH,主板,,False,32.1,True
600866,星湖科技,1994-08-18,SH,主板,,False,32.1,True
600867,通化东宝,1994-08-24,SH,主板,,False,32.0,True
600868,梅雁吉祥,1994-09-12,SH,主板,,False,32.0,True
600869,远东股份,1995-02-06,SH,主板,,False,31.6,True
600871,石化油服,1995-04-11,SH,主板,,False,31.4,True
600872,中炬高新,1995-01-24,SH,主板,,False,31.6,True
600873,梅花生物,1995-02-17,SH,主板,,False,31.6,True
600874,创业环保,1995-06-30,SH,主板,,False,31.2,True
600875,东方电气,1995-10-10,SH,主板,,False,30.9,True
600876,凯盛新能,1995-10-31,SH,主板,,False,30.9,True
600877,电科芯片,1995-10-13,SH,主板,,False,30.9,True
600879,航天电子,1995-11-15,SH,主板,,False,30.8,True
600880,博瑞传播,1995-11-15,SH,主板,,False,30.8,True
600881,亚泰集团,1995-11-15,SH,主板,,False,30.8,True
600882,妙可蓝多,1995-12-06,SH,主板,,False,30.8,True
600883,博闻科技,1995-12-08,SH,主板,,False,30.7,True
600884,杉杉股份,1996-01-30,SH,主板,,False,30.6,True
600885,宏发股份,1996-02-05,SH,主板,,False,30.6,True
600886,国投电力,1996-01-18,SH,主板,,False,30.6,True
600887,伊利股份,1996-03-12,SH,主板,,False,30.5,True
600888,新疆众和,1996-02-15,SH,主板,,False,30.6,True
600889,*ST京化,1996-03-08,SH,主板,,True,30.5,True
600892,大晟文化,1996-03-15,SH,主板,,False,30.5,True
600893,航发动力,1996-04-08,SH,主板,,False,30.4,True
600894,广日股份,1996-03-28,SH,主板,,False,30.4,True
600895,张江高科,1996-04-22,SH,主板,,False,30.4,True
600897,厦门空港,1996-05-31,SH,主板,,False,30.3,True
600900,长江电力,2003-11-18,SH,主板,,False,22.8,True
600917,重庆燃气,2014-09-30,SH,主板,,False,11.9,True
600919,江苏银行,2016-08-02,SH,主板,,False,10.1,True
600936,北投科技,2016-08-15,SH,主板,,False,10.1,True
600958,东方证券,2015-03-23,SH,主板,,False,11.5,True
600959,江苏有线,2015-04-28,SH,主板,,False,11.4,True
600960,渤海汽车,2004-04-07,SH,主板,,False,22.4,True
600961,株冶集团,2004-08-30,SH,主板,,False,22.0,True
600962,国投中鲁,2004-06-22,SH,主板,,False,22.2,True
600963,岳阳林纸,2004-05-25,SH,主板,,False,22.3,True
600965,*ST福成,2004-07-13,SH,主板,,True,22.1,True
600966,博汇纸业,2004-06-08,SH,主板,,False,22.2,True
600967,内蒙一机,2004-05-18,SH,主板,,False,22.3,True
600969,郴电国际,2004-04-08,SH,主板,,False,22.4,True
600970,中材国际,2005-04-12,SH,主板,,False,21.4,True
600971,恒源煤电,2004-08-17,SH,主板,,False,22.1,True
600973,宝胜股份,2004-08-02,SH,主板,,False,22.1,True
600975,新五丰,2004-06-09,SH,主板,,False,22.2,True
600976,健民集团,2004-04-19,SH,主板,,False,22.4,True
600977,中国电影,2016-08-09,SH,主板,,False,10.1,True
600979,广安爱众,2004-09-06,SH,主板,,False,22.0,True
600980,北矿科技,2004-05-12,SH,主板,,False,22.3,True
600981,苏豪汇鸿,2004-06-30,SH,主板,,False,22.2,True
600982,宁波能源,2004-07-06,SH,主板,,False,22.2,True
600983,惠而浦,2004-07-27,SH,主板,,False,22.1,True
600984,建设机械,2004-07-07,SH,主板,,False,22.2,True
600985,淮北矿业,2004-04-28,SH,主板,,False,22.4,True
600986,浙文互联,2004-04-26,SH,主板,,False,22.4,True
600987,航民股份,2004-08-09,SH,主板,,False,22.1,True
600988,赤峰黄金,2004-04-14,SH,主板,,False,22.4,True
600990,四创电子,2004-05-10,SH,主板,,False,22.3,True
600992,贵绳股份,2004-05-14,SH,主板,,False,22.3,True
600993,马应龙,2004-05-17,SH,主板,,False,22.3,True
600995,南网储能,2004-06-15,SH,主板,,False,22.2,True
600997,开滦股份,2004-06-02,SH,主板,,False,22.3,True
600998,九州通,2010-11-02,SH,主板,,False,15.8,True
600999,招商证券,2009-11-17,SH,主板,,False,16.8,True
601000,唐山港,2010-07-05,SH,主板,,False,16.2,True
601001,晋控煤业,2006-06-23,SH,主板,,False,20.2,True
601002,晋亿实业,2007-01-26,SH,主板,,False,19.6,True
601003,柳钢股份,2007-02-27,SH,主板,,False,19.5,True
601005,重庆钢铁,2007-02-28,SH,主板,,False,19.5,True
601006,大秦铁路,2006-08-01,SH,主板,,False,20.1,True
601007,金陵饭店,2007-04-06,SH,主板,,False,19.4,True
601008,连云港,2007-04-26,SH,主板,,False,19.4,True
601009,南京银行,2007-07-19,SH,主板,,False,19.1,True
601010,ST文峰,2011-06-03,SH,主板,,True,15.3,True
601011,宝泰隆,2011-03-09,SH,主板,,False,15.5,True
601012,隆基绿能,2012-04-11,SH,主板,,False,14.4,True
601015,陕西黑猫,2014-11-05,SH,主板,,False,11.8,True
601016,节能风电,2014-09-29,SH,主板,,False,11.9,True
601018,宁波港,2010-09-28,SH,主板,,False,15.9,True
601020,华钰矿业,2016-03-16,SH,主板,,False,10.5,True
601021,春秋航空,2015-01-21,SH,主板,,False,11.6,True
601038,一拖股份,2012-08-08,SH,主板,,False,14.1,True
601058,赛轮轮胎,2011-06-30,SH,主板,,False,15.2,True
601069,西部黄金,2015-01-22,SH,主板,,False,11.6,True
601088,中国神华,2007-10-09,SH,主板,,False,18.9,True
601098,中南传媒,2010-10-28,SH,主板,,False,15.9,True
601099,太平洋,2007-12-28,SH,主板,,False,18.7,True
601100,恒立液压,2011-10-28,SH,主板,,False,14.9,True
601101,昊华能源,2010-03-31,SH,主板,,False,16.4,True
601106,中国一重,2010-02-09,SH,主板,,False,16.6,True
601107,四川成渝,2009-07-27,SH,主板,,False,17.1,True
601111,中国国航,2006-08-18,SH,主板,,False,20.1,True
601113,华鼎股份,2011-05-09,SH,主板,,False,15.3,True
601116,三江购物,2011-03-02,SH,主板,,False,15.5,True
601117,中国化学,2010-01-07,SH,主板,,False,16.7,True
601118,海南橡胶,2011-01-07,SH,主板,,False,15.7,True
601126,四方股份,2010-12-31,SH,主板,,False,15.7,True
601127,赛力斯,2016-06-15,SH,主板,,False,10.2,True
601137,博威合金,2011-01-27,SH,主板,,False,15.6,True
601139,深圳燃气,2009-12-25,SH,主板,,False,16.7,True
601155,新城控股,2015-12-04,SH,主板,,False,10.8,True
601158,重庆水务,2010-03-29,SH,主板,,False,16.4,True
601166,兴业银行,2007-02-05,SH,主板,,False,19.6,True
601168,西部矿业,2007-07-12,SH,主板,,False,19.2,True
601169,北京银行,2007-09-19,SH,主板,,False,19.0,True
601177,杭齿前进,2010-10-11,SH,主板,,False,15.9,True
601179,中国西电,2010-01-28,SH,主板,,False,16.6,True
601186,中国铁建,2008-03-10,SH,主板,,False,18.5,True
601188,龙江交通,2010-03-19,SH,主板,,False,16.5,True
601198,东兴证券,2015-02-26,SH,主板,,False,11.5,True
601199,江南水务,2011-03-17,SH,主板,,False,15.5,True
601208,东材科技,2011-05-20,SH,主板,,False,15.3,True
601211,国泰海通,2015-06-26,SH,主板,,False,11.2,True
601216,君正集团,2011-02-22,SH,主板,,False,15.5,True
601218,吉鑫科技,2011-05-06,SH,主板,,False,15.3,True
601222,林洋能源,2011-08-08,SH,主板,,False,15.1,True
601225,陕西煤业,2014-01-28,SH,主板,,False,12.6,True
601226,华电科工,2014-12-11,SH,主板,,False,11.7,True
601231,环旭电子,2012-02-20,SH,主板,,False,14.5,True
601233,桐昆股份,2011-05-18,SH,主板,,False,15.3,True
601238,广汽集团,2012-03-29,SH,主板,,False,14.4,True
601288,农业银行,2010-07-15,SH,主板,,False,16.1,True
601311,骆驼股份,2011-06-02,SH,主板,,False,15.3,True
601318,中国平安,2007-03-01,SH,主板,,False,19.5,True
601328,交通银行,2007-05-15,SH,主板,,False,19.3,True
601333,广深铁路,2006-12-22,SH,主板,,False,19.7,True
601336,新华保险,2011-12-16,SH,主板,,False,14.7,True
601339,百隆东方,2012-06-12,SH,主板,,False,14.2,True
601360,三六零,2012-01-16,SH,主板,,False,14.6,True
601368,绿城水务,2015-06-12,SH,主板,,False,11.2,True
601369,陕鼓动力,2010-04-28,SH,主板,,False,16.4,True
601377,兴业证券,2010-10-13,SH,主板,,False,15.9,True
601388,怡球资源,2012-04-23,SH,主板,,False,14.4,True
601390,中国中铁,2007-12-03,SH,主板,,False,18.8,True
601398,工商银行,2006-10-27,SH,主板,,False,19.9,True
601515,衢州东峰,2012-02-16,SH,主板,,False,14.6,True
601518,吉林高速,2010-03-19,SH,主板,,False,16.5,True
601519,大智慧,2011-01-28,SH,主板,,False,15.6,True
601555,东吴证券,2011-12-12,SH,主板,,False,14.7,True
601566,九牧王,2011-05-30,SH,主板,,False,15.3,True
601567,三星电气,2011-06-15,SH,主板,,False,15.2,True
601579,会稽山,2014-08-25,SH,主板,,False,12.0,True
601588,北辰实业,2006-10-16,SH,主板,,False,19.9,True
601595,上海电影,2016-08-17,SH,主板,,False,10.1,True
601599,浙文影业,2011-05-27,SH,主板,,False,15.3,True
601600,中国铝业,2007-04-30,SH,主板,,False,19.4,True
601601,中国太保,2007-12-25,SH,主板,,False,18.7,True
601607,上海医药,1994-03-24,SH,主板,,False,32.5,True
601608,中信重工,2012-07-06,SH,主板,,False,14.2,True
601611,中国核建,2016-06-06,SH,主板,,False,10.3,True
601616,广电电气,2011-02-01,SH,主板,,False,15.6,True
601618,中国中冶,2009-09-21,SH,主板,,False,17.0,True
601628,中国人寿,2007-01-09,SH,主板,,False,19.7,True
601633,长城汽车,2011-09-28,SH,主板,,False,14.9,True
601636,旗滨集团,2011-08-12,SH,主板,,False,15.1,True
601666,平煤股份,2006-11-23,SH,主板,,False,19.8,True
601668,中国建筑,2009-07-29,SH,主板,,False,17.1,True
601669,中国电建,2011-10-18,SH,主板,,False,14.9,True
601677,明泰铝业,2011-09-19,SH,主板,,False,15.0,True
601678,滨化股份,2010-02-23,SH,主板,,False,16.5,True
601688,华泰证券,2010-02-26,SH,主板,,False,16.5,True
601689,拓普集团,2015-03-19,SH,主板,,False,11.5,True
601699,潞安环能,2006-09-22,SH,主板,,False,20.0,True
601700,风范股份,2011-01-18,SH,主板,,False,15.6,True
601717,中创智领,2010-08-03,SH,主板,,False,16.1,True
601718,ST际华,2010-08-16,SH,主板,,True,16.1,True
601727,上海电气,2008-12-05,SH,主板,,False,17.8,True
601766,中国中车,2008-08-18,SH,主板,,False,18.1,True
601777,千里科技,2010-11-25,SH,主板,,False,15.8,True
601788,光大证券,2009-08-18,SH,主板,,False,17.1,True
601789,宁波建工,2011-08-16,SH,主板,,False,15.1,True
601798,蓝科高新,2011-06-22,SH,主板,,False,15.2,True
601799,星宇股份,2011-02-01,SH,主板,,False,15.6,True
601800,中国交建,2012-03-09,SH,主板,,False,14.5,True
601801,皖新传媒,2010-01-18,SH,主板,,False,16.6,True
601808,中海油服,2007-09-28,SH,主板,,False,18.9,True
601811,新华文轩,2016-08-08,SH,主板,,False,10.1,True
601818,光大银行,2010-08-18,SH,主板,,False,16.1,True
601857,中国石油,2007-11-05,SH,主板,,False,18.8,True
601866,中远海发,2007-12-12,SH,主板,,False,18.7,True
601872,招商轮船,2006-12-01,SH,主板,,False,19.8,True
601877,正泰电器,2010-01-21,SH,主板,,False,16.6,True
601880,辽港股份,2010-12-06,SH,主板,,False,15.8,True
601886,江河集团,2011-08-18,SH,主板,,False,15.1,True
601888,中国中免,2009-10-15,SH,主板,,False,16.9,True
601890,亚星锚链,2010-12-28,SH,主板,,False,15.7,True
601898,中煤能源,2008-02-01,SH,主板,,False,18.6,True
601899,紫金矿业,2008-04-25,SH,主板,,False,18.4,True
601900,南方传媒,2016-02-15,SH,主板,,False,10.6,True
601901,方正证券,2011-08-10,SH,主板,,False,15.1,True
601908,京运通,2011-09-08,SH,主板,,False,15.0,True
601918,新集能源,2007-12-19,SH,主板,,False,18.7,True
601919,中远海控,2007-06-26,SH,主板,,False,19.2,True
601928,凤凰传媒,2011-11-30,SH,主板,,False,14.8,True
601929,吉视传媒,2012-02-23,SH,主板,,False,14.5,True
601933,永辉超市,2010-12-15,SH,主板,,False,15.7,True
601939,建设银行,2007-09-25,SH,主板,,False,18.9,True
601958,金钼股份,2008-04-17,SH,主板,,False,18.4,True
601965,中国汽研,2012-06-11,SH,主板,,False,14.2,True
601966,玲珑轮胎,2016-07-06,SH,主板,,False,10.2,True
601968,宝钢包装,2015-06-11,SH,主板,,False,11.2,True
601969,海南矿业,2014-12-09,SH,主板,,False,11.7,True
601985,中国核电,2015-06-10,SH,主板,,False,11.2,True
601988,中国银行,2006-07-05,SH,主板,,False,20.2,True
601991,大唐发电,2006-12-20,SH,主板,,False,19.7,True
601992,金隅集团,2011-03-01,SH,主板,,False,15.5,True
601996,丰林集团,2011-09-29,SH,主板,,False,14.9,True
601997,贵阳银行,2016-08-16,SH,主板,,False,10.1,True
601998,中信银行,2007-04-27,SH,主板,,False,19.4,True
601999,出版传媒,2007-12-21,SH,主板,,False,18.7,True
603000,人民网,2012-04-27,SH,主板,,False,14.4,True
603001,奥康国际,2012-04-26,SH,主板,,False,14.4,True
603002,宏昌电子,2012-05-18,SH,主板,,False,14.3,True
603005,晶方科技,2014-02-10,SH,主板,,False,12.6,True
603006,联明股份,2014-06-30,SH,主板,,False,12.2,True
603007,顺景科技,2016-08-26,SH,主板,,False,10.0,True
603008,ST喜临门,2012-07-17,SH,主板,,True,14.1,True
603009,北特科技,2014-07-18,SH,主板,,False,12.1,True
603010,万盛股份,2014-10-10,SH,主板,,False,11.9,True
603011,合锻智能,2014-11-07,SH,主板,,False,11.8,True
603012,创力集团,2015-03-20,SH,主板,,False,11.5,True
603015,弘讯科技,2015-03-03,SH,主板,,False,11.5,True
603016,新宏泰,2016-07-01,SH,主板,,False,10.2,True
603017,中衡设计,2014-12-31,SH,主板,,False,11.7,True
603018,华设集团,2014-10-13,SH,主板,,False,11.9,True
603019,中科曙光,2014-11-06,SH,主板,,False,11.8,True
603020,爱普股份,2015-03-25,SH,主板,,False,11.5,True
603021,*ST华鹏,2015-04-23,SH,主板,,True,11.4,True
603022,新通联,2015-05-18,SH,主板,,False,11.3,True
603023,威帝股份,2015-05-27,SH,主板,,False,11.3,True
603025,大豪科技,2015-04-22,SH,主板,,False,11.4,True
603026,石大胜华,2015-05-29,SH,主板,,False,11.3,True
603027,千禾味业,2016-03-07,SH,主板,,False,10.5,True
603028,赛福天,2016-03-31,SH,主板,,False,10.4,True
603029,天鹅股份,2016-04-27,SH,主板,,False,10.4,True
603030,全筑股份,2015-03-20,SH,主板,,False,11.5,True
603031,安孚科技,2016-08-22,SH,主板,,False,10.0,True
603066,音飞储存,2015-06-11,SH,主板,,False,11.2,True
603069,海汽集团,2016-07-12,SH,主板,,False,10.2,True
603077,和邦生物,2012-07-31,SH,主板,,False,14.1,True
603085,天成自控,2015-06-30,SH,主板,,False,11.2,True
603088,宁波精达,2014-11-11,SH,主板,,False,11.8,True
603090,宏盛股份,2016-08-31,SH,主板,,False,10.0,True
603099,长白山,2014-08-22,SH,主板,,False,12.0,True
603100,川仪股份,2014-08-05,SH,主板,,False,12.1,True
603101,汇嘉时代,2016-05-06,SH,主板,,False,10.3,True
603108,润达医疗,2015-05-27,SH,主板,,False,11.3,True
603111,康尼机电,2014-08-01,SH,主板,,False,12.1,True
603116,红蜻蜓,2015-06-29,SH,主板,,False,11.2,True
603117,万林物流,2015-06-29,SH,主板,,False,11.2,True
603118,共进股份,2015-02-25,SH,主板,,False,11.5,True
603123,翠微股份,2012-05-03,SH,主板,,False,14.3,True
603126,中材节能,2014-07-31,SH,主板,,False,12.1,True
603128,华贸物流,2012-05-29,SH,主板,,False,14.3,True
603131,上海沪工,2016-06-07,SH,主板,,False,10.2,True
603158,腾龙股份,2015-03-20,SH,主板,,False,11.5,True
603159,上海亚虹,2016-08-12,SH,主板,,False,10.1,True
603166,福达股份,2014-11-27,SH,主板,,False,11.8,True
603167,渤海轮渡,2012-09-06,SH,主板,,False,14.0,True
603168,莎普爱思,2014-07-02,SH,主板,,False,12.2,True
603169,兰石重装,2014-10-09,SH,主板,,False,11.9,True
603188,亚邦股份,2014-09-09,SH,主板,,False,12.0,True
603198,迎驾贡酒,2015-05-28,SH,主板,,False,11.3,True
603199,九华旅游,2015-03-26,SH,主板,,False,11.4,True
603222,济民健康,2015-02-17,SH,主板,,False,11.6,True
603223,恒通股份,2015-06-30,SH,主板,,False,11.2,True
603227,雪峰科技,2015-05-15,SH,主板,,False,11.3,True
603268,松发股份,2015-03-19,SH,主板,,False,11.5,True
603288,海天味业,2014-02-11,SH,主板,,False,12.6,True
603299,苏盐井神,2015-12-31,SH,主板,,False,10.7,True
603300,海南华铁,2015-05-29,SH,主板,,False,11.3,True
603306,华懋科技,2014-09-26,SH,主板,,False,11.9,True
603308,应流股份,2014-01-22,SH,主板,,False,12.6,True
603309,维力医疗,2015-03-02,SH,主板,,False,11.5,True
603311,金海高科,2015-05-18,SH,主板,,False,11.3,True
603315,福鞍股份,2015-04-24,SH,主板,,False,11.4,True
603318,水发燃气,2015-04-24,SH,主板,,False,11.4,True
603322,超讯科技,2016-07-28,SH,主板,,False,10.1,True
603328,依顿电子,2014-07-01,SH,主板,,False,12.2,True
603333,福华尚纬,2012-05-07,SH,主板,,False,14.3,True
603338,浙江鼎力,2015-03-25,SH,主板,,False,11.5,True
603339,四方科技,2016-05-19,SH,主板,,False,10.3,True
603355,莱克电气,2015-05-13,SH,主板,,False,11.3,True
603366,日出东方,2012-05-21,SH,主板,,False,14.3,True
603368,柳药集团,2014-12-04,SH,主板,,False,11.8,True
603369,今世缘,2014-07-03,SH,主板,,False,12.2,True
603377,ST东时,2016-02-05,SH,主板,,True,10.6,True
603398,*ST沐邦,2015-12-09,SH,主板,,True,10.7,True
603399,永杉锂业,2012-08-24,SH,主板,,False,14.0,True
603456,九洲药业,2014-10-10,SH,主板,,False,11.9,True
603508,思维列控,2015-12-24,SH,主板,,False,10.7,True
603515,欧普照明,2016-08-19,SH,主板,,False,10.0,True
603518,锦泓集团,2014-12-03,SH,主板,,False,11.8,True
603519,立霸股份,2015-03-19,SH,主板,,False,11.5,True
603520,司太立,2016-03-09,SH,主板,,False,10.5,True
603528,多伦科技,2016-05-03,SH,主板,,False,10.3,True
603558,健盛集团,2015-01-27,SH,主板,,False,11.6,True
603566,普莱柯,2015-05-18,SH,主板,,False,11.3,True
603567,珍宝岛,2015-04-24,SH,主板,,False,11.4,True
603568,伟明环保,2015-05-28,SH,主板,,False,11.3,True
603569,长久物流,2016-08-10,SH,主板,,False,10.1,True
603588,高能环境,2014-12-29,SH,主板,,False,11.7,True
603589,口子窖,2015-06-29,SH,主板,,False,11.2,True
603598,引力传媒,2015-05-27,SH,主板,,False,11.3,True
603599,广信股份,2015-05-13,SH,主板,,False,11.3,True
603600,永艺股份,2015-01-23,SH,主板,,False,11.6,True
603601,再升科技,2015-01-22,SH,主板,,False,11.6,True
603606,东方电缆,2014-10-15,SH,主板,,False,11.9,True
603608,天创时尚,2016-02-18,SH,主板,,False,10.5,True
603609,禾丰股份,2014-08-08,SH,主板,,False,12.1,True
603611,诺力股份,2015-01-28,SH,主板,,False,11.6,True
603616,韩建河山,2015-06-11,SH,主板,,False,11.2,True
603618,杭电股份,2015-02-17,SH,主板,,False,11.6,True
603636,南威软件,2014-12-30,SH,主板,,False,11.7,True
603658,安图生物,2016-09-01,SH,主板,,False,10.0,True
603663,三祥新材,2016-08-01,SH,主板,,False,10.1,True
603669,灵康药业,2015-05-28,SH,主板,,False,11.3,True
603678,火炬电子,2015-01-26,SH,主板,,False,11.6,True
603686,福龙马,2015-01-26,SH,主板,,False,11.6,True
603688,石英股份,2014-10-31,SH,主板,,False,11.8,True
603696,安记食品,2015-12-09,SH,主板,,False,10.7,True
603698,航天工程,2015-01-28,SH,主板,,False,11.6,True
603699,纽威股份,2014-01-17,SH,主板,,False,12.6,True
603701,德宏股份,2016-04-12,SH,主板,,False,10.4,True
603703,盛洋科技,2015-04-23,SH,主板,,False,11.4,True
603718,*ST海利,2015-05-15,SH,主板,,True,11.3,True
603726,朗迪集团,2016-04-21,SH,主板,,False,10.4,True
603729,ST龙韵,2015-03-24,SH,主板,,True,11.5,True
603737,三棵树,2016-06-03,SH,主板,,False,10.3,True
603766,隆鑫通用,2012-08-10,SH,主板,,False,14.1,True
603778,国晟科技,2015-12-31,SH,主板,,False,10.7,True
603779,威龙股份,2016-05-16,SH,主板,,False,10.3,True
603788,宁波高发,2015-01-20,SH,主板,,False,11.6,True
603789,ST星农,2015-04-27,SH,主板,,True,11.4,True
603798,康普顿,2016-04-06,SH,主板,,False,10.4,True
603799,华友钴业,2015-01-29,SH,主板,,False,11.6,True
603800,洪田股份,2015-12-10,SH,主板,,False,10.7,True
603806,福斯特,2014-09-05,SH,主板,,False,12.0,True
603808,歌力思,2015-04-22,SH,主板,,False,11.4,True
603818,曲美家居,2015-04-22,SH,主板,,False,11.4,True
603822,ST嘉澳,2016-04-28,SH,主板,,True,10.4,True
603828,*ST利达,2015-02-26,SH,主板,,True,11.5,True
603838,*ST四通,2015-07-01,SH,主板,,True,11.2,True
603843,*ST正平,2016-09-05,SH,主板,,True,10.0,True
603861,白云电器,2016-03-22,SH,主板,,False,10.5,True
603866,桃李面包,2015-12-22,SH,主板,,False,10.7,True
603868,飞科电器,2016-04-18,SH,主板,,False,10.4,True
603869,ST智知,2015-03-26,SH,主板,,True,11.4,True
603883,老百姓,2015-04-23,SH,主板,,False,11.4,True
603885,吉祥航空,2015-05-27,SH,主板,,False,11.3,True
603889,新澳股份,2014-12-31,SH,主板,,False,11.7,True
603898,好莱客,2015-02-17,SH,主板,,False,11.6,True
603899,晨光股份,2015-01-27,SH,主板,,False,11.6,True
603901,永创智能,2015-05-29,SH,主板,,False,11.3,True
603909,建发合诚,2016-06-28,SH,主板,,False,10.2,True
603918,金桥信息,2015-05-28,SH,主板,,False,11.3,True
603919,金徽酒,2016-03-10,SH,主板,,False,10.5,True
603936,博敏电子,2015-12-09,SH,主板,,False,10.7,True
603939,益丰药房,2015-02-17,SH,主板,,False,11.6,True
603958,哈森股份,2016-06-29,SH,主板,,False,10.2,True
603959,ST百利,2016-05-17,SH,主板,,True,10.3,True
603968,醋化股份,2015-05-18,SH,主板,,False,11.3,True
603969,银龙股份,2015-02-27,SH,主板,,False,11.5,True
603979,金诚信,2015-06-30,SH,主板,,False,11.2,True
603986,兆易创新,2016-08-18,SH,主板,,False,10.1,True
603988,中电电机,2014-11-04,SH,主板,,False,11.8,True
603989,艾华集团,2015-05-15,SH,主板,,False,11.3,True
603993,洛阳钼业,2012-10-09,SH,主板,,False,13.9,True
603997,继峰股份,2015-03-02,SH,主板,,False,11.5,True
603998,方盛制药,2014-12-05,SH,主板,,False,11.8,True
603999,读者传媒,2015-12-10,SH,主板,,False,10.7,True
